date,title,author,file,source_url,categories,tags,words,images,comments
2013-02-01,Indie Spirit,rumorednow,2013-02-01-indie-spirit.md,https://pivotce.com/2013/02/01/indie-spirit/,Editorial,,366,0,0
2013-02-13,The End is Nigh!!!,rumorednow,2013-02-13-the-end-is-nigh.md,https://pivotce.com/2013/02/13/the-end-is-nigh/,Reviews,,246,0,0
2013-06-29,CAKE – A 9GAG Viewer,Sören Müller,2013-06-29-just-for-fun.md,https://pivotce.com/2013/06/29/just-for-fun/,Reviews,9GAG,156,1,0
2013-09-04,Upcoming auction of HP/Palm devices and more for a great cause,Alan Morford,2013-09-04-upcoming-auction-of-hppalm-devices-and-more-for-a-great-cause.md,https://pivotce.com/2013/09/04/upcoming-auction-of-hppalm-devices-and-more-for-a-great-cause/,News,auction,314,1,0
2013-09-27,webOS auction recap – SUCCESS!,Alan Morford,2013-09-27-webos-auction-recap-success.md,https://pivotce.com/2013/09/27/webos-auction-recap-success/,News,auction,269,1,0
2013-09-29,UPDATE – ACL for Touchpad public release delayed…again,Alan Morford,2013-09-29-update-acl-for-touchpad-public-release-delayed-again.md,https://pivotce.com/2013/09/29/update-acl-for-touchpad-public-release-delayed-again/,News,ACL|Android,597,1,0
2013-10-03,TIP – YouTube Search/Quality fix for webOS 1.x/2.x,Alan Morford,2013-10-03-tip-youtube-searchquality-fix-for-webos-1-x2-x.md,https://pivotce.com/2013/10/03/tip-youtube-searchquality-fix-for-webos-1-x2-x/,Tips,,387,1,6
2013-10-09,ACL for webOS pre-release video appears,Alan Morford,2013-10-09-acl-for-webos-pre-release-video-appears.md,https://pivotce.com/2013/10/09/acl-for-webos-pre-release-video-appears/,News,ACL,224,0,0
2013-10-12,ACL for webOS closer than ever but still no timeline,Alan Morford,2013-10-12-acl-for-webos-closer-than-ever-but-still-no-timeline.md,https://pivotce.com/2013/10/12/acl-for-webos-closer-than-ever-but-still-no-timeline/,News,ACL,193,0,0
2013-10-12,Webtype gives license to pivotCE.com for webOS fonts,Alan Morford,2013-10-12-webtype-gives-license-to-pivotce-com-for-webos-fonts.md,https://pivotce.com/2013/10/12/webtype-gives-license-to-pivotce-com-for-webos-fonts/,News,,273,1,0
2013-10-15,"Project updates – Open webOS hits Alpha 3, ACL for webOS pushes pre-release",Alan Morford,2013-10-15-project-updates-open-webos-hits-alpha-3-acl-for-webos-pushes-pre-release.md,https://pivotce.com/2013/10/15/project-updates-open-webos-hits-alpha-3-acl-for-webos-pushes-pre-release/,News,ACL,237,1,0
2013-10-22,Review: ACL™ for webOS Preview 0.6.0-4,Sören Müller,2013-10-22-review-acl-for-webos-beta-0-6-0-4.md,https://pivotce.com/2013/10/22/review-acl-for-webos-beta-0-6-0-4/,Reviews,ACL,570,2,0
2013-10-22,UPDATE – LG webOS TV emulator spotted,Alan Morford,2013-10-22-video-lg-webos-emulator-spotted.md,https://pivotce.com/2013/10/22/video-lg-webos-emulator-spotted/,News,,213,2,2
2013-10-25,HP attempts to sell Palm patents – again.,preemptive,2013-10-25-hp-attempt-to-sell-palm-patents-again.md,https://pivotce.com/2013/10/25/hp-attempt-to-sell-palm-patents-again/,News,,194,0,0
2013-10-29,About: pivotCE,preemptive,2013-10-29-about-pivotce.md,https://pivotce.com/2013/10/29/about-pivotce/,News,,998,1,0
2013-10-29,Contest – Halloween/webOS 2013,Sören Müller,2013-10-29-contest-halloweenwebos-2013.md,https://pivotce.com/2013/10/29/contest-halloweenwebos-2013/,Contests,,94,1,4
2013-11-01,Deal – 2 Coupons from PIC and OpenMobile,Alan Morford,2013-11-01-deal-2-coupons-from-pic-and-openmobile.md,https://pivotce.com/2013/11/01/deal-2-coupons-from-pic-and-openmobile/,Tips,Deal,578,1,1
2013-11-03,Skype shutting down 3rd-party apps in December,Alan Morford,2013-11-03-skype-shutting-down-3rd-party-apps-in-december.md,https://pivotce.com/2013/11/03/skype-shutting-down-3rd-party-apps-in-december/,News,,145,1,0
2013-11-04,ACL™ for webOS Compatibility Database,Sören Müller,2013-11-04-acl-for-webos-compatibility-database.md,https://pivotce.com/2013/11/04/acl-for-webos-compatibility-database/,News,ACL,248,1,0
2013-11-05,Halloween/webOS 2013 Contest Results,Alan Morford,2013-11-05-halloweenwebos-2013-contest-results.md,https://pivotce.com/2013/11/05/halloweenwebos-2013-contest-results/,Contests,,208,7,0
2013-11-07,When Innovation at HP stops,maninwhitecoat,2013-11-07-when-innovation-at-hp-stops.md,https://pivotce.com/2013/11/07/when-innovation-at-hp-stops/,News,,207,1,0
2013-11-10,Open Letter to LG #1,Alan Morford,2013-11-10-open-letter-to-lg-1.md,https://pivotce.com/2013/11/10/open-letter-to-lg-1/,News,,662,0,0
2013-11-15,Dev Highlight:  Garfonso,Alan Morford,2013-11-15-dev-highlight-garfonso.md,https://pivotce.com/2013/11/15/dev-highlight-garfonso/,Interview,Developer,816,2,0
2013-11-20,How-to: Meta-Doctor – No Makefile editing,Alan Morford,2013-11-20-how-to-meta-doctor-part-1-no-makefile-editing.md,https://pivotce.com/2013/11/20/how-to-meta-doctor-part-1-no-makefile-editing/,Tutorial,,1013,1,3
2013-11-21,"LG Enyo Director interviewed – talks webOS, Smart TV demo date",Alan Morford,2013-11-21-lg-enyo-director-interviewed-talks-webos-smart-tv-demo-date.md,https://pivotce.com/2013/11/21/lg-enyo-director-interviewed-talks-webos-smart-tv-demo-date/,News,,323,1,1
2013-11-22,HP TouchPad meets KitKat,Sören Müller,2013-11-22-hp-touchpad-meets-kitkat.md,https://pivotce.com/2013/11/22/hp-touchpad-meets-kitkat/,News,Android,148,0,0
2013-11-25,Dev Highlight: Hans Kokx,Alan Morford,2013-11-25-dev-highlight-hans-kokx.md,https://pivotce.com/2013/11/25/dev-highlight-hans-kokx/,News,Developer,524,4,0
2013-12-02,The Next webOS Phone? (Part I),rumorednow,2013-12-02-the-next-webos-phone-part-i.md,https://pivotce.com/2013/12/02/the-next-webos-phone-part-i/,News,diy,459,2,1
2013-12-03,A webOS Christmas Wish List,Alan Morford,2013-12-03-a-webos-christmas-wish-list.md,https://pivotce.com/2013/12/03/a-webos-christmas-wish-list/,Editorial,ACL|Christmas,547,1,4
2013-12-06,Android in a Card (Pre3),preemptive,2013-12-06-android-in-a-card-pre3.md,https://pivotce.com/2013/12/06/android-in-a-card-pre3/,News,ACL|Android,200,1,4
2013-12-08,"webOS Internals founder to OM/PIC “Too little, too late”",Alan Morford,2013-12-08-webos-internals-founder-to-ompic-too-little-too-late.md,https://pivotce.com/2013/12/08/webos-internals-founder-to-ompic-too-little-too-late/,News,ACL,1125,3,1
2013-12-11,Calling East Coast (USA) Enyo Developers,maninwhitecoat,2013-12-11-calling-east-coast-usa-enyo-developers.md,https://pivotce.com/2013/12/11/calling-east-coast-usa-enyo-developers/,News,enyo,95,1,0
2013-12-15,Orcrest – A Brand New webOS Game,at18061815,2013-12-15-orcrest.md,https://pivotce.com/2013/12/15/orcrest/,Reviews,,828,2,7
2013-12-18,Dev Highlight: Vistaus,Alan Morford,2013-12-18-dev-highlight-vistaus.md,https://pivotce.com/2013/12/18/dev-highlight-vistaus/,Interview,Developer,555,4,0
2013-12-19,UPDATE – ACL for webOS v1.0 Published,Alan Morford,2013-12-19-acl-for-webos-v1-0-published.md,https://pivotce.com/2013/12/19/acl-for-webos-v1-0-published/,News,ACL,386,2,2
2013-12-20,Job Listing: Staff Software Engineer for Enyo JavaScript/HTML5,maninwhitecoat,2013-12-20-job-listing-staff-software-engineer-for-enyo-javascripthtml5.md,https://pivotce.com/2013/12/20/job-listing-staff-software-engineer-for-enyo-javascripthtml5/,News,enyo,105,1,0
2013-12-20,LG will show webOS TVs at CES 2014,Sören Müller,2013-12-20-lg-will-show-webos-tvs-at-ces-2014.md,https://pivotce.com/2013/12/20/lg-will-show-webos-tvs-at-ces-2014/,News,CES,177,0,2
2013-12-20,PIC+OM+GPL = A Bad Day for webOS Fans,Alan Morford,2013-12-20-pic-om-gpl-a-bad-day-for-webos-fans.md,https://pivotce.com/2013/12/20/pic-om-gpl-a-bad-day-for-webos-fans/,Editorial,ACL,461,1,6
2013-12-22,webOS-Patches Web Portal hacked,Sören Müller,2013-12-22-webos-patches-web-portal-hacked.md,https://pivotce.com/2013/12/22/webos-patches-web-portal-hacked/,News,,134,0,0
2013-12-24,Merry Christmas and Happy New Year from pivotCE!,Sören Müller,2013-12-24-merry-christmas-and-happy-new-year-from-pivotce.md,https://pivotce.com/2013/12/24/merry-christmas-and-happy-new-year-from-pivotce/,News,,222,0,0
2013-12-25,The First Day of webOS-mas – webOS Quick Install,preemptive,2013-12-25-happy-christmas.md,https://pivotce.com/2013/12/25/happy-christmas/,News,,53,0,0
2013-12-26,The Second Day of webOS-mas – Print from your phone,preemptive,2013-12-26-the-second-day-of-webos-mas-print-from-your-phone.md,https://pivotce.com/2013/12/26/the-second-day-of-webos-mas-print-from-your-phone/,News,,91,1,0
2013-12-27,The Third Day of webOS-mas – The Touchstone.,preemptive,2013-12-27-the-third-day-of-webos-mas-the-touchstone.md,https://pivotce.com/2013/12/27/the-third-day-of-webos-mas-the-touchstone/,News,,103,1,2
2013-12-28,The Fourth day of webOS-mas – WiFi File Sharing.,preemptive,2013-12-28-the-fourth-day-of-webos-mas-wifi-file-sharing.md,https://pivotce.com/2013/12/28/the-fourth-day-of-webos-mas-wifi-file-sharing/,News,,77,1,0
2013-12-29,The Fifth day of webOS-mas – Internalz Pro.,preemptive,2013-12-29-the-fifth-day-of-webos-mas-internalz-pro.md,https://pivotce.com/2013/12/29/the-fifth-day-of-webos-mas-internalz-pro/,News,,59,1,0
2013-12-30,The Sixth day of webOS-mas – 6Ts.,preemptive,2013-12-30-the-sixth-day-of-webos-mas-6ts.md,https://pivotce.com/2013/12/30/the-sixth-day-of-webos-mas-6ts/,News,,62,1,0
2013-12-31,The Seventh day of webOS-mas – FeedSpider,preemptive,2013-12-31-the-seventh-day-of-webos-mas-feedspider.md,https://pivotce.com/2013/12/31/the-seventh-day-of-webos-mas-feedspider/,News,,114,1,0
2014-01-01,Happy twentyfourteen!,Sören Müller,2014-01-01-happy-twentyfourteen.md,https://pivotce.com/2014/01/01/happy-twentyfourteen/,pivotCE,,132,0,4
2014-01-01,The Eighth day of webOS-mas – Project Macaw.,preemptive,2014-01-01-the-eighth-day-of-webos-mas-project-macaw.md,https://pivotce.com/2014/01/01/the-eighth-day-of-webos-mas-project-macaw/,News,,101,1,1
2014-01-02,A preview picture of the LG webOS TV,preemptive,2014-01-02-a-preview-picture-of-the-lg-webos-tv.md,https://pivotce.com/2014/01/02/a-preview-picture-of-the-lg-webos-tv/,News,,239,1,4
2014-01-02,The Ninth day of webOS-mas – webOS Doctor.,preemptive,2014-01-02-the-ninth-day-of-webos-mas-webos-doctor.md,https://pivotce.com/2014/01/02/the-ninth-day-of-webos-mas-webos-doctor/,News,,118,1,8
2014-01-02,The Verge nabs proof of the webOS that never was,Alan Morford,2014-01-02-the-verge-nabs-proof-of-the-webos-that-never-was.md,https://pivotce.com/2014/01/02/the-verge-nabs-proof-of-the-webos-that-never-was/,News,,164,1,0
2014-01-03,The Tenth day of webOS-mas – Tweaks.,preemptive,2014-01-03-the-tenth-day-of-webos-mas-tweaks.md,https://pivotce.com/2014/01/03/the-tenth-day-of-webos-mas-tweaks/,News,,135,1,0
2014-01-04,The Eleventh day of webOS-mas – Preware.,preemptive,2014-01-04-the-eleventh-day-of-webos-mas-preware.md,https://pivotce.com/2014/01/04/the-eleventh-day-of-webos-mas-preware/,News,,217,1,0
2014-01-05,﻿The Twelfth day of webOS-mas – Uberkernel.,preemptive,2014-01-05-%ef%bb%bfthe-twelfth-day-of-webos-mas-uberkernel.md,https://pivotce.com/2014/01/05/%ef%bb%bfthe-twelfth-day-of-webos-mas-uberkernel/,News,,232,0,2
2014-01-05,TouchPad Spotted in TV Commercial,Alan Morford,2014-01-05-touchpad-spotted-in-tv-commercial.md,https://pivotce.com/2014/01/05/touchpad-spotted-in-tv-commercial/,News,,101,1,2
2014-01-06,Countdown to LG’s CES 2014 press conference,Sören Müller,2014-01-06-countdown-to-lgs-ces-2014-press-conference.md,https://pivotce.com/2014/01/06/countdown-to-lgs-ces-2014-press-conference/,News,CES,135,3,0
2014-01-07,webOS at the CES 2014,preemptive,2014-01-07-webos-at-the-ces-2014.md,https://pivotce.com/2014/01/07/webos-at-the-ces-2014/,News,Bean Bird,1212,2,3
2014-01-08,Former HP CTO weighs in on LG’s webOS TV,Alan Morford,2014-01-08-former-hp-cto-weighs-in-on-lgs-webos-tv.md,https://pivotce.com/2014/01/08/former-hp-cto-weighs-in-on-lgs-webos-tv/,News,CES,119,0,0
2014-01-10,An advertisement for LG webOS,preemptive,2014-01-10-an-advertisement-for-lg-webos.md,https://pivotce.com/2014/01/10/an-advertisement-for-lg-webos/,News,,42,0,0
2014-01-14,Feedly goes webOS,Sören Müller,2014-01-14-feedly-goes-webos.md,https://pivotce.com/2014/01/14/feedly-goes-webos/,Reviews,feedly|feedspider,277,1,4
2014-01-23,LG looking for more content partner deals for webOS TV,maninwhitecoat,2014-01-23-lg-looking-for-more-content-partner-deals-for-webos-tv.md,https://pivotce.com/2014/01/23/lg-looking-for-more-content-partner-deals-for-webos-tv/,News,,248,1,0
2014-01-27,The search for real 4G on the TouchPad,Herrie,2014-01-27-the-search-for-real-4g-on-the-touchpad.md,https://pivotce.com/2014/01/27/the-search-for-real-4g-on-the-touchpad/,Tips,,1215,5,4
2014-01-29,FIXED – Update 2: Hotmail/Outlook.com accounts misbehaving,maninwhitecoat,2014-01-29-hotmailoutlook-com-accounts-misbehaving.md,https://pivotce.com/2014/01/29/hotmailoutlook-com-accounts-misbehaving/,News,,374,2,6
2014-01-29,webOS meet up: San Francisco,preemptive,2014-01-29-webos-meet-up-san-francisco.md,https://pivotce.com/2014/01/29/webos-meet-up-san-francisco/,News,,219,0,1
2014-01-30,To Doctor or Not To Doctor: A Call to Stop “Lazy Troubleshooting”,Alan Morford,2014-01-30-to-doctor-or-not-to-doctor-a-call-to-stop-lazy-troubleshooting.md,https://pivotce.com/2014/01/30/to-doctor-or-not-to-doctor-a-call-to-stop-lazy-troubleshooting/,Editorial,doctor,1529,0,1
2014-01-31,Dev Highlight: Grabber5.0,Alan Morford,2014-01-31-dev-highlight-grabber5-0.md,https://pivotce.com/2014/01/31/dev-highlight-grabber5-0/,Interview,Developer,828,6,5
2014-01-31,Foursquare broken and fixed in 24 hours,Alan Morford,2014-01-31-foursquare-broken-and-fixed-in-24-hours.md,https://pivotce.com/2014/01/31/foursquare-broken-and-fixed-in-24-hours/,News,,199,1,7
2014-02-11,The Pink Side of the Moon,Sören Müller,2014-02-11-the-pink-side-of-the-moon.md,https://pivotce.com/2014/02/11/the-pink-side-of-the-moon/,News,enyo,163,3,0
2014-02-12,I don’t care about webOS on TVs,Alan Morford,2014-02-12-i-dont-care-about-webos-on-tvs.md,https://pivotce.com/2014/02/12/i-dont-care-about-webos-on-tvs/,Editorial,,1034,2,8
2014-02-14,ACL Release – Part 2,preemptive,2014-02-14-acl-release-part-2.md,https://pivotce.com/2014/02/14/acl-release-part-2/,News,ACL,123,0,1
2014-02-16,Dev Highlight: Donald Kirker,Alan Morford,2014-02-16-dev-highlight-donald-kirker.md,https://pivotce.com/2014/02/16/dev-highlight-donald-kirker/,Interview,Developer,477,4,1
2014-02-17,Android chroot,preemptive,2014-02-17-android-chroot.md,https://pivotce.com/2014/02/17/android-chroot/,News,Android|chroot,718,1,1
2014-03-01,Review: HP TouchPad Go Custom-made Case,Alan Morford,2014-03-01-review-hp-touchpad-go-custom-made-case.md,https://pivotce.com/2014/03/01/review-hp-touchpad-go-custom-made-case/,Reviews,Case,331,4,0
2014-03-14,Free Pizza for Enyo Developers,preemptive,2014-03-14-free-pizza-for-enyo-developers.md,https://pivotce.com/2014/03/14/free-pizza-for-enyo-developers/,News,Developers|enyo,137,0,0
2014-04-01,Dev Highlight: Leo Apotheker,Alan Morford,2014-04-01-dev-highlight-leo-apotheker.md,https://pivotce.com/2014/04/01/dev-highlight-leo-apotheker/,Interview,,512,1,6
2014-04-01,Google Adopts webOS,preemptive,2014-04-01-google-adopts-webos.md,https://pivotce.com/2014/04/01/google-adopts-webos/,News,,391,1,7
2014-04-04,"Enyo Team Open Sources Mochi UI, Feels like webOS 3.1",Alan Morford,2014-04-04-enyo-team-open-sources-mochi-ui-feels-like-webos-3-1.md,https://pivotce.com/2014/04/04/enyo-team-open-sources-mochi-ui-feels-like-webos-3-1/,News,dash weather+|enyo,330,0,2
2014-04-09,App Review: 2048,preemptive,2014-04-09-app-review-2048.md,https://pivotce.com/2014/04/09/app-review-2048/,Reviews,,388,1,1
2014-04-19,"Introduction to Enyo, Minneapolis, 2nd May.",preemptive,2014-04-19-introduction-to-enyo-minneapolis-2nd-may.md,https://pivotce.com/2014/04/19/introduction-to-enyo-minneapolis-2nd-may/,News,App|Developer|enyo,96,1,0
2014-04-20,Happy Easter from pivotCE,preemptive,2014-04-20-happy-easter-from-pivotce.md,https://pivotce.com/2014/04/20/happy-easter-from-pivotce/,pivotCE,Easter,106,2,0
2014-05-07,Tip – Fix Google Account Authentication Error,Alan Morford,2014-05-07-tip-fix-google-account-authentication-error.md,https://pivotce.com/2014/05/07/tip-fix-google-account-authentication-error/,Tips,,978,1,8
2014-05-25,PhoneDog Throwsback to the Palm Pre,maninwhitecoat,2014-05-25-phonedog-throwsback-to-the-palm-pre.md,https://pivotce.com/2014/05/25/phonedog-throwsback-to-the-palm-pre/,News,,85,0,3
2014-05-28,"More Enyo in Minneapolis, June 20th.",preemptive,2014-05-28-more-enyo-in-minneapolis-june-20th.md,https://pivotce.com/2014/05/28/more-enyo-in-minneapolis-june-20th/,News,App|Developer|enyo,89,1,0
2014-06-06,Happy webOS Day,preemptive,2014-06-06-happy-webos-day.md,https://pivotce.com/2014/06/06/happy-webos-day/,News,,262,0,1
2014-06-06,The Pre & Pixi in 2014,Matthew Van Densen,2014-06-06-the-pre-pixi-in-2014.md,https://pivotce.com/2014/06/06/the-pre-pixi-in-2014/,Reviews,,1275,0,1
2014-06-11,iOS 8 and You,Zach Saville,2014-06-11-ios-8-and-you.md,https://pivotce.com/2014/06/11/ios-8-and-you/,Editorial|News,,443,0,2
2014-06-13,"UPDATE: webOS Ports surprises with TouchPad port, name/logo change, Nexus 4",Alan Morford,2014-06-13-webos-ports-surprises-with-touchpad-port-namelogo-change.md,https://pivotce.com/2014/06/13/webos-ports-surprises-with-touchpad-port-namelogo-change/,News,,527,2,0
2014-06-15,News Crumbs – 15th June 2014.,preemptive,2014-06-15-news-crumbs-15th-june-2014.md,https://pivotce.com/2014/06/15/news-crumbs-15th-june-2014/,News,Derek Kessler,89,0,0
2014-06-27,All-clear for webOS devices with Google accounts,Sören Müller,2014-06-27-warning-for-webos-devices-with-google-accounts.md,https://pivotce.com/2014/06/27/warning-for-webos-devices-with-google-accounts/,Tips,,187,0,0
2014-06-29,News Crumbs – 29th June 2014,preemptive,2014-06-29-news-crumbs-29th-june-2014.md,https://pivotce.com/2014/06/29/news-crumbs-29th-june-2014/,News,,273,0,0
2014-07-08,Free LG G Pad with UK purchase of a webOS TV,maninwhitecoat,2014-07-08-free-lg-g-pad-with-uk-purchase-of-a-webos-tv.md,https://pivotce.com/2014/07/08/free-lg-g-pad-with-uk-purchase-of-a-webos-tv/,News,,151,0,0
2014-07-11,webOS meet up: Chicago.,preemptive,2014-07-11-webos-meet-up-chicago.md,https://pivotce.com/2014/07/11/webos-meet-up-chicago/,News,Chicago,107,0,0
2014-08-06,The Pre 2 & HP Veer in 2014,Matthew Van Densen,2014-08-06-the-pre-2-hp-veer-in-2014.md,https://pivotce.com/2014/08/06/the-pre-2-hp-veer-in-2014/,News,,1434,0,0
2014-08-09,News Crumbs – 9th August 2014.,preemptive,2014-08-09-news-crumbs-9th-august-2014.md,https://pivotce.com/2014/08/09/news-crumbs-9th-august-2014/,News,Chubby Checker|connectSDK,221,0,0
2014-08-18,Are we dreaming? Skype still works!,preemptive,2014-08-18-are-we-dreaming-skype-still-works.md,https://pivotce.com/2014/08/18/are-we-dreaming-skype-still-works/,News,,538,0,0
2014-08-18,LG tests webOS on a Nexus 5,preemptive,2014-08-18-lg-tests-webos-on-a-nexus-5.md,https://pivotce.com/2014/08/18/lg-tests-webos-on-a-nexus-5/,News,,151,0,1
2014-08-22,The Pre 3 and HP TouchPad in 2014,Matthew Van Densen,2014-08-22-the-pre-3-and-hp-touchpad-in-2014.md,https://pivotce.com/2014/08/22/the-pre-3-and-hp-touchpad-in-2014/,News,,2274,0,5
2014-08-29,Preware.org woes: feeds/site down as domain slips away,Alan Morford,2014-08-29-preware-org-woes-feedssite-down-as-domain-slips-away.md,https://pivotce.com/2014/08/29/preware-org-woes-feedssite-down-as-domain-slips-away/,News,,297,2,3
2014-08-31,"TIP: preware.net solutions for WOSQI, Preware v1.9.13",Alan Morford,2014-08-31-tip-preware-net-solutions-for-wosqi-preware-v1-9-13.md,https://pivotce.com/2014/08/31/tip-preware-net-solutions-for-wosqi-preware-v1-9-13/,Tips,,525,1,14
2014-09-01,Official Release of LuneOS and Project Updates,webosports,2014-09-01-official-release-of-luneos-and-project-updates.md,https://pivotce.com/2014/09/01/official-release-of-luneos-and-project-updates/,News,,1737,1,23
2014-09-04,News Crumbs – 4th September 2014,preemptive,2014-09-04-news-crumbs-4th-september-2014.md,https://pivotce.com/2014/09/04/news-crumbs-4th-september-2014/,News,App|Developer,237,0,0
2014-09-11,LuneOS receives praise from LWN.net,Alan Morford,2014-09-11-luneos-receives-praise-from-lwn-net.md,https://pivotce.com/2014/09/11/luneos-receives-praise-from-lwn-net/,News,,443,1,0
2014-09-16,Two weeks with LuneOS: An app sideload test,Alan Morford,2014-09-16-two-weeks-with-luneos-an-app-sideload-test.md,https://pivotce.com/2014/09/16/two-weeks-with-luneos-an-app-sideload-test/,Reviews,,1067,0,5
2014-09-19,Dev Highlight: 72ka,Alan Morford,2014-09-19-dev-highlight-72ka.md,https://pivotce.com/2014/09/19/dev-highlight-72ka/,Interview,72ka,952,5,6
2014-09-22,webOS Ports: Help Wanted,webosports,2014-09-22-webos-ports-help-wanted.md,https://pivotce.com/2014/09/22/webos-ports-help-wanted/,News,,973,0,0
2014-09-27,Chicago webOS meetup this Sunday,preemptive,2014-09-27-chicago-webos-meetup-this-sunday.md,https://pivotce.com/2014/09/27/chicago-webos-meetup-this-sunday/,News,Chicago,164,0,0
2014-10-03,LG to introduce a webOS powered Smart Watch,Zach Saville,2014-10-03-lg-to-introduce-a-webos-powered-smart-watch.md,https://pivotce.com/2014/10/03/lg-to-introduce-a-webos-powered-smart-watch/,News,,128,1,2
2014-10-03,Next LuneOS stable release available: Antoccino,webosports,2014-10-03-next-luneos-release-builds-available-antoccino.md,https://pivotce.com/2014/10/03/next-luneos-release-builds-available-antoccino/,News,,214,0,0
2014-10-10,"Chicago WebOS Meetup September 28th, 2014",preemptive,2014-10-10-chicago-webos-meetup-september-28th-2014.md,https://pivotce.com/2014/10/10/chicago-webos-meetup-september-28th-2014/,News,Chicago,544,1,0
2014-10-11,News Crumbs – 11th October 2014,preemptive,2014-10-11-news-crumbs-11th-october-2014.md,https://pivotce.com/2014/10/11/news-crumbs-11th-october-2014/,News,Android|Aquaventure|enyo|feedspider,163,0,0
2014-10-16,HP to Shut Down Catalog and Cloud Services,Alan Morford,2014-10-16-hp-to-shut-down-catalog-and-cloud-services.md,https://pivotce.com/2014/10/16/hp-to-shut-down-catalog-and-cloud-services/,News,backup,649,1,0
2014-10-21,"Guide: Coming (Back) to webOS in 2014, Part 1",Brent Hunter,2014-10-21-guide-coming-back-to-webos-in-2014-part-1.md,https://pivotce.com/2014/10/21/guide-coming-back-to-webos-in-2014-part-1/,Tutorial,,2618,7,0
2014-10-29,Closing Down Sale,preemptive,2014-10-29-closing-down-sale.md,https://pivotce.com/2014/10/29/closing-down-sale/,News|Tips,App|Closed,386,0,0
2014-10-31,Día de los Muertos: webOS,preemptive,2014-10-31-dia-de-los-muertos-webos.md,https://pivotce.com/2014/10/31/dia-de-los-muertos-webos/,News,App|Developer,456,0,0
2014-11-01,Next LuneOS Stable Release Available: Black Eye,webosports,2014-11-01-next-luneos-stable-release-available-black-eye.md,https://pivotce.com/2014/11/01/next-luneos-stable-release-available-black-eye/,News,black eye,500,1,0
2014-11-02,"Guide: Coming (Back) to webOS in 2014, Part 2",Brent Hunter,2014-11-02-guide-coming-back-to-webos-in-2014-part-2.md,https://pivotce.com/2014/11/02/guide-coming-back-to-webos-in-2014-part-2/,Tutorial,coming back,1731,5,0
2014-11-11,Use CalDAV to maintain Google Calendar sync,preemptive,2014-11-11-use-caldav-to-maintain-google-calendar-sync.md,https://pivotce.com/2014/11/11/use-caldav-to-maintain-google-calendar-sync/,News,C+DAV|CalDAV|Calendar|CardDAV,453,0,1
2014-11-13,"webOS meetup, Chicago, 23rd November",preemptive,2014-11-13-webos-meetup-chicago-23rd-november.md,https://pivotce.com/2014/11/13/webos-meetup-chicago-23rd-november/,News,Chicago,120,0,0
2014-11-16,News Crumbs 16 November 2014,preemptive,2014-11-16-news-crumbs-16-november-2014.md,https://pivotce.com/2014/11/16/news-crumbs-16-november-2014/,News,Developer,245,0,0
2014-11-23,Putting a Touchstone in My Car: A Walk Through My Process,Alan Morford,2014-11-23-putting-a-touchstone-in-my-car-a-walk-through-my-process.md,https://pivotce.com/2014/11/23/putting-a-touchstone-in-my-car-a-walk-through-my-process/,Tutorial,car,1362,17,0
2014-12-02,Guide: Saving Apps From The App Catalog Part 1: nodeleteipk patch,Brent Hunter,2014-12-02-guide-saving-apps-from-the-app-catalog-part-1-nodeleteipk-patch.md,https://pivotce.com/2014/12/02/guide-saving-apps-from-the-app-catalog-part-1-nodeleteipk-patch/,Tutorial,App|backup,1409,5,0
2014-12-03,News Crumbs – 3rd December 2014,preemptive,2014-12-03-news-crumbs-3rd-december-2014.md,https://pivotce.com/2014/12/03/news-crumbs-3rd-december-2014/,News,,238,0,0
2014-12-06,Next LuneOS Stable Release Available: Black Tie,webosports,2014-12-06-next-luneos-stable-release-available-black-tie.md,https://pivotce.com/2014/12/06/next-luneos-stable-release-available-black-tie/,News,black tie,342,0,0
2014-12-15,Accuweather broken and fixed <48 hours,Alan Morford,2014-12-15-accuweather-broken-and-fixed-48-hours.md,https://pivotce.com/2014/12/15/accuweather-broken-and-fixed-48-hours/,News,,101,1,0
2014-12-19,Remembering our Friend: OldSkoolVWLover,preemptive,2014-12-19-remembering-our-friend-oldskoolvwlover.md,https://pivotce.com/2014/12/19/remembering-our-friend-oldskoolvwlover/,News,,374,2,0
2014-12-20,Guide: Saving Apps From The App Catalog Part 2: HP Takeout,Brent Hunter,2014-12-20-guide-saving-apps-from-the-app-catalog-part-2-hp-takeout.md,https://pivotce.com/2014/12/20/guide-saving-apps-from-the-app-catalog-part-2-hp-takeout/,Tutorial,App|backup,1105,1,0
2015-01-03,Video: A feature comparison between webOS and Blackberry 10,Alan Morford,2015-01-03-video-a-feature-comparison-between-webos-and-blackberry-10.md,https://pivotce.com/2015/01/03/video-a-feature-comparison-between-webos-and-blackberry-10/,Reviews,Android|blackberry,495,0,0
2015-01-06,LG at CES 2015,preemptive,2015-01-06-lg-at-ces-2015.md,https://pivotce.com/2015/01/06/lg-at-ces-2015/,News,CES,864,0,0
2015-01-07,TCL Relaunches the Palm Brand,preemptive,2015-01-07-tcl-relaunches-the-palm-brand.md,https://pivotce.com/2015/01/07/tcl-relaunches-the-palm-brand/,Editorial|News,Alcatel,240,0,0
2015-01-08,LG webOS watch slated for 2016 release,Alan Morford,2015-01-08-lg-webos-watch-for-2016-release.md,https://pivotce.com/2015/01/08/lg-webos-watch-for-2016-release/,News,CES,135,0,0
2015-01-09,LuneOS January Stable Release: Breve,webosports,2015-01-09-luneos-january-stable-release-breve.md,https://pivotce.com/2015/01/09/luneos-january-stable-release-breve/,News,Breve,356,0,0
2015-01-09,News Crumbs – 9th JANUARY 2015,preemptive,2015-01-09-news-crumbs-9th-january-2015.md,https://pivotce.com/2015/01/09/news-crumbs-9th-january-2015/,News,CES|Chicago|enyo,251,0,0
2015-01-13,HP keeps the servers open for another two months,preemptive,2015-01-13-hp-keeps-the-servers-open-for-another-two-months.md,https://pivotce.com/2015/01/13/hp-keeps-the-servers-open-for-another-two-months/,News,backup,225,1,0
2015-02-04,LuneOS February Stable Release: Americano,webosports,2015-02-04-luneos-february-stable-release-americano.md,https://pivotce.com/2015/02/04/luneos-february-stable-release-americano/,News,americano,646,6,0
2015-02-14,News Crumbs – 14th February 2015,preemptive,2015-02-14-news-crumbs-14th-february-2015.md,https://pivotce.com/2015/02/14/news-crumbs-14th-february-2015/,News,enyo,284,0,1
2015-02-27,LG outs webOS watch: Urbane LTE,Alan Morford,2015-02-27-lg-outs-webos-watch-urbane-lte.md,https://pivotce.com/2015/02/27/lg-outs-webos-watch-urbane-lte/,News,,269,3,0
2015-03-04,webOS Meetup: St. Louis,Alan Morford,2015-03-04-webos-meetup-st-louis.md,https://pivotce.com/2015/03/04/webos-meetup-st-louis/,News,,206,1,0
2015-03-05,Guide: Fixing Yahoo mail.,preemptive,2015-03-05-guide-fixing-yahoo-mail.md,https://pivotce.com/2015/03/05/guide-fixing-yahoo-mail/,Tips,certificates,1254,0,0
2015-03-10,LuneOS Update for March,webosports,2015-03-10-luneos-update-for-march.md,https://pivotce.com/2015/03/10/luneos-update-for-march/,News,,418,1,0
2015-03-12,An Open Letter to Hewlett-Packard,Alan Morford,2015-03-12-an-open-letter-to-hewlett-packard.md,https://pivotce.com/2015/03/12/an-open-letter-to-hewlett-packard/,Editorial,cloud,589,0,0
2015-04-01,"It’s back, back, back!",preemptive,2015-04-01-its-back-back-back.md,https://pivotce.com/2015/04/01/its-back-back-back/,News,,598,0,0
2015-04-02,Forty Years of Tech Exhibit Showcases first Palm PDA,Alan Morford,2015-04-02-forty-years-of-tech-exhibit-showcases-first-palm-pda.md,https://pivotce.com/2015/04/02/forty-years-of-tech-exhibit-showcases-first-palm-pda/,News,enyo,192,1,0
2015-04-03,Farewell to Facebook webOS Synergy/App,Brent Hunter,2015-04-03-farewell-to-facebook-webos-synergyapp.md,https://pivotce.com/2015/04/03/farewell-to-facebook-webos-synergyapp/,News,facebook,624,1,0
2015-04-08,News Crumbs – 8th April 2015,preemptive,2015-04-08-news-crumbs-8th-april-2015.md,https://pivotce.com/2015/04/08/news-crumbs-8th-april-2015/,News,,278,0,0
2015-04-09,St. Louis webOS Meetup Recap,Alan Morford,2015-04-09-st-louis-webos-meetup-recap.md,https://pivotce.com/2015/04/09/st-louis-webos-meetup-recap/,News,,1051,7,0
2015-04-13,LuneOS April Stable Release: Café au lait,webosports,2015-04-13-luneos-april-stable-release-cafe-au-lait.md,https://pivotce.com/2015/04/13/luneos-april-stable-release-cafe-au-lait/,News,au lait,822,0,0
2015-04-16,Over and Out…,preemptive,2015-04-16-over-and-out.md,https://pivotce.com/2015/04/16/over-and-out/,News,backup,437,0,0
2015-04-16,The Death and Rebirth of a Bass Guitar Case,Alan Morford,2015-04-16-the-death-and-rebirth-of-a-bass-guitar-case.md,https://pivotce.com/2015/04/16/the-death-and-rebirth-of-a-bass-guitar-case/,News,Case|bass,886,27,0
2015-04-17,"Bye Bye App Catalog, Hello Preware Catalog",Sören Müller,2015-04-17-bye-bye-app-catalog-hello-preware-catalog.md,https://pivotce.com/2015/04/17/bye-bye-app-catalog-hello-preware-catalog/,News,,245,0,1
2015-04-21,UPDATE: Now DEAD – Google to Kill YouTube Access for Older Apps,Alan Morford,2015-04-21-google-to-kill-youtube-access-for-older-apps.md,https://pivotce.com/2015/04/21/google-to-kill-youtube-access-for-older-apps/,News,api,247,1,0
2015-04-22,New Preware and Our Own Feed,Sören Müller,2015-04-22-new-preware-and-our-own-feed.md,https://pivotce.com/2015/04/22/new-preware-and-our-own-feed/,Tips,apps,580,0,0
2015-04-24,LG Surprises By Announcing 2014 webOS TVs Will Get 2.0,Alan Morford,2015-04-24-lg-surprises-by-announcing-2014-webos-tvs-will-get-2-0.md,https://pivotce.com/2015/04/24/lg-surprises-by-announcing-2014-webos-tvs-will-get-2-0/,News,,93,1,0
2015-05-06,LuneOS Is All About Users,Alan Morford,2015-05-06-luneos-is-all-about-users.md,https://pivotce.com/2015/05/06/luneos-is-all-about-users/,News,,157,1,0
2015-05-10,LuneOS May Stable Release: Café Bombón,webosports,2015-05-10-luneos-may-stable-release-cafe-bombon.md,https://pivotce.com/2015/05/10/luneos-may-stable-release-cafe-bombon/,News,bombon,615,0,0
2015-05-12,"webOS meet up: Chicago, 17th of May.",preemptive,2015-05-12-webos-meet-up-chicago-17th-of-may.md,https://pivotce.com/2015/05/12/webos-meet-up-chicago-17th-of-may/,News,Chicago,145,0,0
2015-06-03,Dev Highlight: Brent Hunter,Alan Morford,2015-06-03-dev-highlight-brent-hunter.md,https://pivotce.com/2015/06/03/dev-highlight-brent-hunter/,Interview,Developer|enyo|feedspider,394,2,0
2015-06-06,LuneOS June Stable Release: Café Cubano,webosports,2015-06-06-luneos-june-stable-release-cafe-cubano.md,https://pivotce.com/2015/06/06/luneos-june-stable-release-cafe-cubano/,News,cubano,557,0,0
2015-06-07,Preserving webOS apps,preemptive,2015-06-07-preserving-webos-apps.md,https://pivotce.com/2015/06/07/preserving-webos-apps/,News,App|Developer,714,1,0
2015-06-11,C+Dav Synergy Connector Updated for webOS,Alan Morford,2015-06-11-cdav-synergy-connector-updated-for-webos.md,https://pivotce.com/2015/06/11/cdav-synergy-connector-updated-for-webos/,News,C+DAV|connector,155,1,0
2015-06-15,Tip: Edit Your Hosts File for Access to Old Palm Servers,Alan Morford,2015-06-15-tip-edit-your-hosts-file-for-access-to-old-palm-servers.md,https://pivotce.com/2015/06/15/tip-edit-your-hosts-file-for-access-to-old-palm-servers/,Tips,,155,1,0
2015-06-16,Guide: How to Fix YouTube for webOS 2.x,Alan Morford,2015-06-16-guide-how-to-fix-youtube-for-webos-2-x.md,https://pivotce.com/2015/06/16/guide-how-to-fix-youtube-for-webos-2-x/,Tips,2.x|choorp,603,1,0
2015-06-17,Whatsapp Workaround for webOS,Alan Morford,2015-06-17-whatsapp-workaround-for-webos.md,https://pivotce.com/2015/06/17/whatsapp-workaround-for-webos/,Tips,,481,1,0
2015-06-18,Where Will LuneOS Get Its Apps?,Alan Morford,2015-06-18-where-will-luneos-get-its-apps.md,https://pivotce.com/2015/06/18/where-will-luneos-get-its-apps/,Editorial,apps,339,1,0
2015-06-24,Tip: How to Bypass Activation,preemptive,2015-06-24-tip-how-to-bypass-activation.md,https://pivotce.com/2015/06/24/tip-how-to-bypass-activation/,News,Bypass Activation,815,0,0
2015-07-25,UPDATE Guide: Getting Around the Yellow Gmail Triangle of Death,Alan Morford,2015-07-25-guide-getting-around-the-yellow-gmail-triangle-of-death.md,https://pivotce.com/2015/07/25/guide-getting-around-the-yellow-gmail-triangle-of-death/,Tutorial,aol,1177,11,0
2015-08-03,News Crumbs – 3rd August 2015,preemptive,2015-08-03-news-crumbs-3rd-august-2015.md,https://pivotce.com/2015/08/03/news-crumbs-3rd-august-2015/,News,,229,1,0
2015-08-06,LuneOS Cafe Cubano: An In-Depth Look,Chairman Honeycrisp,2015-08-06-luneos-cafe-cubano-an-in-depth-look.md,https://pivotce.com/2015/08/06/luneos-cafe-cubano-an-in-depth-look/,Reviews,,1436,3,0
2015-08-09,Ready for LuneOS,Sören Müller,2015-08-09-ready-for-luneos.md,https://pivotce.com/2015/08/09/ready-for-luneos/,pivotCE,,115,0,0
2015-08-17,LuneOS August Stable Release: Caffè Crema,webosports,2015-08-17-luneos-august-stable-release-caffe-crema.md,https://pivotce.com/2015/08/17/luneos-august-stable-release-caffe-crema/,News,crema|emulator,675,0,0
2015-08-21,Preware Turns 6: A Tribute to Homebrew Developers,Chairman Honeycrisp,2015-08-21-preware-turns-6-a-tribute-to-homebrew-developers.md,https://pivotce.com/2015/08/21/preware-turns-6-a-tribute-to-homebrew-developers/,Editorial|News|pivotCE,,511,0,0
2015-08-31,Do You Have a Nexus 4 Yet?,Alan Morford,2015-08-31-do-you-have-a-nexus-4-yet.md,https://pivotce.com/2015/08/31/do-you-have-a-nexus-4-yet/,News,Android|firefox,230,0,0
2015-09-07,LuneOS September Stable Release: Café de Olla,webosports,2015-09-07-luneos-september-stable-release-cafe-de-olla.md,https://pivotce.com/2015/09/07/luneos-september-stable-release-cafe-de-olla/,News,,681,0,0
2015-09-09,UPDATE App: Certificate Grabber,Alan Morford,2015-09-09-app-certificate-grabber.md,https://pivotce.com/2015/09/09/app-certificate-grabber/,News,certs,306,4,0
2015-09-12,LuneOS Update Script,Chairman Honeycrisp,2015-09-12-luneos-update-script.md,https://pivotce.com/2015/09/12/luneos-update-script/,News,,355,0,0
2015-10-02,Open webOS Running on a WiFi Router,Alan Morford,2015-10-02-open-webos-running-on-a-wifi-router.md,https://pivotce.com/2015/10/02/open-webos-running-on-a-wifi-router/,News,,192,0,0
2015-10-02,PrewareUpdates on Twitter,Sören Müller,2015-10-02-prewareupdates-on-twitter.md,https://pivotce.com/2015/10/02/prewareupdates-on-twitter/,pivotCE,,93,0,0
2015-10-07,LuneOS October Stable Release: Caffè Latte,webosports,2015-10-07-luneos-october-stable-release-caffe-latte.md,https://pivotce.com/2015/10/07/luneos-october-stable-release-caffe-latte/,News,Caffè Latte,606,0,0
2015-10-16,YouTube Client Released for webOS/LuneOS: LuneTube,Chairman Honeycrisp,2015-10-16-app-lunetube.md,https://pivotce.com/2015/10/16/app-lunetube/,News,App|Developer,467,1,0
2015-10-16,LuneOS on more devices!,preemptive,2015-10-16-luneos-on-more-devices.md,https://pivotce.com/2015/10/16/luneos-on-more-devices/,News,,208,0,0
2015-10-21,Making Android More Like webOS,Alan Morford,2015-10-21-making-android-more-like-webos.md,https://pivotce.com/2015/10/21/making-android-more-like-webos/,Tips,Android,283,1,0
2015-11-06,LuneOS Update for November,webosports,2015-11-06-luneos-update-for-november-2.md,https://pivotce.com/2015/11/06/luneos-update-for-november-2/,News,bugs|changelog,564,1,0
2015-11-09,News Crumbs – 9th November 2015,preemptive,2015-11-09-news-crumbs-9th-november-2015.md,https://pivotce.com/2015/11/09/news-crumbs-9th-november-2015/,News,Alcatel|Developer,305,0,0
2015-11-19,"webOS meetup, Chicago, 22nd November",preemptive,2015-11-19-webos-meetup-chicago-22nd-november.md,https://pivotce.com/2015/11/19/webos-meetup-chicago-22nd-november/,News,Chicago,164,0,0
2015-11-26,Happy Thanksgiving,Alan Morford,2015-11-26-happy-thanksgiving.md,https://pivotce.com/2015/11/26/happy-thanksgiving/,News,,29,1,0
2015-11-28,How to Fix Old Game Issues,Alan Morford,2015-11-28-how-to-fix-old-game-issues.md,https://pivotce.com/2015/11/28/how-to-fix-old-game-issues/,News,apps|buzz|fix,718,1,0
2015-12-04,Dev Highlight: Theoneill,Alan Morford,2015-12-04-dev-highlight-theoneill.md,https://pivotce.com/2015/12/04/dev-highlight-theoneill/,Interview,dev,977,2,0
2015-12-08,Control Your Roku from an HP TouchPad,Alan Morford,2015-12-08-control-your-roku-from-an-hp-touchpad.md,https://pivotce.com/2015/12/08/control-your-roku-from-an-hp-touchpad/,News,apps,160,2,0
2015-12-10,LuneOS December Stable Release: Caffè Marocchino,webosports,2015-12-10-luneos-december-stable-release-caffe-marocchino.md,https://pivotce.com/2015/12/10/luneos-december-stable-release-caffe-marocchino/,News,,794,0,0
2015-12-13,UPDATE: Special Investigations Unit asks webOS Users for Help in Murder Case,Alan Morford,2015-12-13-special-investigations-unit-asks-webos-users-for-help-in-murder-case.md,https://pivotce.com/2015/12/13/special-investigations-unit-asks-webos-users-for-help-in-murder-case/,News,bypass,373,1,0
2015-12-13,The Ultimate Bypass Activation Tool,Alan Morford,2015-12-13-the-ultimate-bypass-activation-tool.md,https://pivotce.com/2015/12/13/the-ultimate-bypass-activation-tool/,News,activation|bypass|devicetool,196,1,0
2015-12-18,Lay-offs at LG Silicon Valley Lab,preemptive,2015-12-18-lay-offs-at-lg-silicon-valley-lab.md,https://pivotce.com/2015/12/18/lay-offs-at-lg-silicon-valley-lab/,News,Developer,531,0,0
2015-12-20,"Legacy webOS SDKs, Novacom, and Emulators",Alan Morford,2015-12-20-legacy-webos-sdks-novacom-and-emulators.md,https://pivotce.com/2015/12/20/legacy-webos-sdks-novacom-and-emulators/,News,emulator,221,1,0
2015-12-25,Seasons Greetings to all our readers!,preemptive,2015-12-25-seasons-greetings-to-all-our-readers.md,https://pivotce.com/2015/12/25/seasons-greetings-to-all-our-readers/,News,Christmas,125,0,0
2015-12-29,"6000+ Apps, Abandonware, and More to Come",Alan Morford,2015-12-29-5000-apps-abandonware-and-more-to-come.md,https://pivotce.com/2015/12/29/5000-apps-abandonware-and-more-to-come/,News,abandonware|apps,617,0,0
2016-01-06,The LG Keynote at CES 2016,preemptive,2016-01-06-the-lg-keynote-at-ces-2016.md,https://pivotce.com/2016/01/06/the-lg-keynote-at-ces-2016/,News,CES,1374,0,0
2016-01-14,LuneOS January Stable Release: Caffè Medici,webosports,2016-01-14-luneos-january-stable-release-caffe-medici.md,https://pivotce.com/2016/01/14/luneos-january-stable-release-caffe-medici/,News,Caffè Medici|Developer,730,0,0
2016-01-26,Flixi Update Brings Back Weather Widget,Alan Morford,2016-01-26-flixi-update-brings-back-weather-widget.md,https://pivotce.com/2016/01/26/flixi-update-brings-back-weather-widget/,News,exhibition,118,0,0
2016-01-27,"Lunetube updated, brings reply comments, bug fixes",Alan Morford,2016-01-27-lunetube-updated-brings-reply-comments-bug-fixes.md,https://pivotce.com/2016/01/27/lunetube-updated-brings-reply-comments-bug-fixes/,News,,108,0,0
2016-02-07,LuneOS February Stable Release: Café Miel,webosports,2016-02-07-luneos-february-stable-release-cafe-miel.md,https://pivotce.com/2016/02/07/luneos-february-stable-release-cafe-miel/,News,calls,965,0,0
2016-03-03,LuneOS March Stable Release: Coffee Milk,webosports,2016-03-03-luneos-march-stable-release-coffee-milk.md,https://pivotce.com/2016/03/03/luneos-march-stable-release-coffee-milk/,News,,778,0,0
2016-03-06,Foxcasts app for LuneOS,preemptive,2016-03-06-foxcasts-app-for-luneos.md,https://pivotce.com/2016/03/06/foxcasts-app-for-luneos/,News,Developer|enyo,142,0,0
2016-04-01,"Enyo 2.7 released, with next generation plans",preemptive,2016-04-01-enyo-2-7-released-with-next-generation-plans.md,https://pivotce.com/2016/04/01/enyo-2-7-released-with-next-generation-plans/,News,Developer|enyo,165,0,0
2016-04-01,webOS 3.0.1 Axed Due to Bizarre ‘Date Bug’,Chairman Honeycrisp,2016-04-01-webos-3-0-1-axed-due-to-bizarre-date-bug.md,https://pivotce.com/2016/04/01/webos-3-0-1-axed-due-to-bizarre-date-bug/,News,,568,0,0
2016-04-07,LuneOS Update for April,webosports,2016-04-07-luneos-update-for-april.md,https://pivotce.com/2016/04/07/luneos-update-for-april/,News,Developer,814,0,0
2016-04-08,"webOS meetup, Chicago, 17th April",preemptive,2016-04-08-webos-meetup-chicago-17th-april.md,https://pivotce.com/2016/04/08/webos-meetup-chicago-17th-april/,News,Chicago|Developer|enyo,129,0,0
2016-04-19,LG Friends,preemptive,2016-04-19-lg-friends.md,https://pivotce.com/2016/04/19/lg-friends/,News,Android|Developer,337,0,0
2016-04-21,Resurfaced HP Video Shows webOS Device Concepts,Alan Morford,2016-04-21-resurfaced-hp-video-shows-webos-device-concepts.md,https://pivotce.com/2016/04/21/resurfaced-hp-video-shows-webos-device-concepts/,News,concept,176,1,0
2016-05-13,LuneOS May Stable Release: Café mocha,webosports,2016-05-13-luneos-may-stable-release-cafe-mocha.md,https://pivotce.com/2016/05/13/luneos-may-stable-release-cafe-mocha/,News,Developer,1182,0,0
2016-05-17,HP is to Palm as Lenovo is to Motorola…Not Good,Alan Morford,2016-05-17-hp-is-to-palm-as-lenovo-is-to-motorola-not-good.md,https://pivotce.com/2016/05/17/hp-is-to-palm-as-lenovo-is-to-motorola-not-good/,News,,88,1,0
2016-06-01,The webOS browser is aging but whose fault is it?,Alan Morford,2016-06-01-the-webos-browser-is-aging-but-whose-fault-is-it.md,https://pivotce.com/2016/06/01/the-webos-browser-is-aging-but-whose-fault-is-it/,News,browser|doom,531,2,0
2016-06-02,"Instagrio hit by Instagram’s API Change, Now in ‘Sandbox Mode’",Alan Morford,2016-06-02-instagrio-hit-by-instagrams-api-change-now-in-sandbox-mode.md,https://pivotce.com/2016/06/02/instagrio-hit-by-instagrams-api-change-now-in-sandbox-mode/,News,,198,2,0
2016-06-07,Rare webOS goodies spotted in drool-worthy photo,Alan Morford,2016-06-07-rare-webos-goodies-spotted-in-drool-worthy-photo.md,https://pivotce.com/2016/06/07/rare-webos-goodies-spotted-in-drool-worthy-photo/,News,devrel,743,6,0
2016-06-16,LuneOS June Stable Release: Caffè Tobio,webosports,2016-06-16-luneos-june-stable-release-caffe-tobio.md,https://pivotce.com/2016/06/16/luneos-june-stable-release-caffe-tobio/,News,,1011,0,0
2016-06-23,"Rare webOS Devices, Episode 1",Alan Morford,2016-06-23-rare-webos-devices-episode-1.md,https://pivotce.com/2016/06/23/rare-webos-devices-episode-1/,News,,339,0,0
2016-06-29,"Rare webOS Devices, Episode 2",Alan Morford,2016-06-29-rare-webos-devices-episode-2.md,https://pivotce.com/2016/06/29/rare-webos-devices-episode-2/,News,castle,167,0,0
2016-07-07,Guide: Fixing Google Synergy,Alan Morford,2016-07-07-guide-fixing-google-synergy.md,https://pivotce.com/2016/07/07/guide-fixing-google-synergy/,Tutorial,,1299,5,0
2016-07-08,"Rare webOS Devices, Episode 3",Alan Morford,2016-07-08-rare-webos-devices-episode-3.md,https://pivotce.com/2016/07/08/rare-webos-devices-episode-3/,News,,227,1,0
2016-07-10,"Rare webOS Devices, Episode 4",Alan Morford,2016-07-10-rare-webos-devices-episode-4.md,https://pivotce.com/2016/07/10/rare-webos-devices-episode-4/,News,,95,0,0
2016-07-12,LuneOS Update for July,webosports,2016-07-12-luneos-update-for-july.md,https://pivotce.com/2016/07/12/luneos-update-for-july/,News,bye|calm,137,1,0
2016-07-13,News Crumbs – 13th JULY 2016,preemptive,2016-07-13-news-crumbs-13th-july-2016.md,https://pivotce.com/2016/07/13/news-crumbs-13th-july-2016/,News,,131,0,0
2016-07-14,"Public FTP for webOS App Rescue Effort Available Now, Torrent Soon",Alan Morford,2016-07-14-public-ftp-for-webos-app-rescue-effort-available-now-torrent-soon.md,https://pivotce.com/2016/07/14/public-ftp-for-webos-app-rescue-effort-available-now-torrent-soon/,News,apps,577,1,0
2016-07-20,Skype is likely on the chopping block…again,Alan Morford,2016-07-20-skype-is-likely-on-the-chopping-block-again.md,https://pivotce.com/2016/07/20/skype-is-likely-on-the-chopping-block-again/,News,,257,1,0
2016-07-25,UPDATE: webOS Internals/Ports Sites (were) Offline,Alan Morford,2016-07-25-webos-internalsports-sites-offline.md,https://pivotce.com/2016/07/25/webos-internalsports-sites-offline/,News,,322,1,0
2016-07-30,webOS futures past,preemptive,2016-07-30-webos-futures-past.md,https://pivotce.com/2016/07/30/webos-futures-past/,News,,189,0,0
2016-08-09,LuneOS August Stable Release: Café Touba,webosports,2016-08-09-luneos-august-stable-release-cafe-touba.md,https://pivotce.com/2016/08/09/luneos-august-stable-release-cafe-touba/,News,august|calls,1470,0,0
2016-08-15,News Crumbs – 15th AUGUST 2016,preemptive,2016-08-15-news-crumbs-15th-august-2016.md,https://pivotce.com/2016/08/15/news-crumbs-15th-august-2016/,News,,160,0,0
2016-09-04,Guest Guide: Mimic webOS in Android,Alan Morford,2016-09-04-guest-guide-mimic-webos-in-android.md,https://pivotce.com/2016/09/04/guest-guide-mimic-webos-in-android/,Tutorial,Android,3519,11,0
2016-09-17,LuneOS September Stable Release: Cafe Zorro,webosports,2016-09-17-luneos-september-stable-release-cafe-zorro.md,https://pivotce.com/2016/09/17/luneos-september-stable-release-cafe-zorro/,News,,981,0,0
2016-10-07,Guide: Pebble Smartwatches for webOS 2.x,Alan Morford,2016-10-07-guide-pebble-smartwatches-for-webos-2-x.md,https://pivotce.com/2016/10/07/guide-pebble-smartwatches-for-webos-2-x/,Tutorial,,653,10,0
2016-10-14,LuneOS October Stable Release: Ca phe sua da,webosports,2016-10-14-luneos-october-stable-release-ca-phe-sua-da.md,https://pivotce.com/2016/10/14/luneos-october-stable-release-ca-phe-sua-da/,News,Developer,1118,0,0
2016-10-29,"webOS meetup, Bethesda, Maryland, November 5th",preemptive,2016-10-29-webos-meetup-bethesda-maryland-november-5th.md,https://pivotce.com/2016/10/29/webos-meetup-bethesda-maryland-november-5th/,News,,201,0,0
2016-11-17,LuneOS Update for November,webosports,2016-11-17-luneos-update-for-november.md,https://pivotce.com/2016/11/17/luneos-update-for-november/,News,,221,1,0
2016-11-17,"webOS Center: Gone, but not forgotten",preemptive,2016-11-17-webos-center-gone-but-not-forgotten.md,https://pivotce.com/2016/11/17/webos-center-gone-but-not-forgotten/,News,,253,0,0
2016-11-17,"webOS meetup, Chicago, 27th November",preemptive,2016-11-17-webos-meetup-chicago-27th-november.md,https://pivotce.com/2016/11/17/webos-meetup-chicago-27th-november/,News,Chicago,136,0,0
2016-11-18,News Crumbs – 18th November 2016,preemptive,2016-11-18-news-crumbs-18th-november-2016.md,https://pivotce.com/2016/11/18/news-crumbs-18th-november-2016/,News,,156,0,0
2016-11-29,Report: Bethesda Meetup,Alan Morford,2016-11-29-report-bethesda-meetup.md,https://pivotce.com/2016/11/29/report-bethesda-meetup/,News,,245,0,0
2016-12-25,"Christmas News Crumbs, 2016",preemptive,2016-12-25-christmas-news-crumbs-2016.md,https://pivotce.com/2016/12/25/christmas-news-crumbs-2016/,News,CES|Developer|apps,601,0,0
2016-12-26,LuneOS December Stable Release: Cappuccino,webosports,2016-12-26-luneos-december-stable-release-cappuccino.md,https://pivotce.com/2016/12/26/luneos-december-stable-release-cappuccino/,News,Developer,976,0,0
2017-01-04,LG at CES 2017,preemptive,2017-01-04-lg-at-ces-2017.md,https://pivotce.com/2017/01/04/lg-at-ces-2017/,News,CES,788,0,0
2017-01-16,"TCL, Blackberry & Palm",preemptive,2017-01-16-tcl-blackberry-palm.md,https://pivotce.com/2017/01/16/tcl-blackberry-palm/,News,blackberry,441,1,0
2017-01-25,A future JavaScript framework for LuneOS – Demos wanted!,preemptive,2017-01-25-a-future-javascript-framework-for-luneos-demos-wanted.md,https://pivotce.com/2017/01/25/a-future-javascript-framework-for-luneos-demos-wanted/,News,App|Developer|apps|enyo,1147,0,0
2017-02-24,LuneOS February Stable Release: Chai Latte,webosports,2017-02-24-luneos-february-stable-release-chai-latte.md,https://pivotce.com/2017/02/24/luneos-february-stable-release-chai-latte/,News,Chai Latte|Developer,876,0,0
2017-04-14,Enyo Next-Gen enters private beta testing,preemptive,2017-04-14-enyo-next-gen-enters-private-beta-testing.md,https://pivotce.com/2017/04/14/enyo-next-gen-enters-private-beta-testing/,News,Developer|apps|enyo,175,0,0
2017-05-01,LuneOS April Stable Release: Cold Brew,webosports,2017-05-01-luneos-april-stable-release-cold-brew.md,https://pivotce.com/2017/05/01/luneos-april-stable-release-cold-brew/,News,Cold Brew|Developer,693,0,0
2017-06-05,LuneOS Update for May,webosports,2017-06-05-luneos-update-for-may.md,https://pivotce.com/2017/06/05/luneos-update-for-may/,News,,196,1,0
2017-07-23,LuneOS July Stable Release: Cortado,webosports,2017-07-23-luneos-july-stable-release-cortado.md,https://pivotce.com/2017/07/23/luneos-july-stable-release-cortado/,News,Developer|enyo,921,0,0
2017-08-12,It seems a webOS TV has been rooted.,preemptive,2017-08-12-it-seems-a-webos-tv-has-been-rooted.md,https://pivotce.com/2017/08/12/it-seems-a-webos-tv-has-been-rooted/,News,Developer,184,0,0
2017-10-08,LuneOS September Stable Release: Decaf,webosports,2017-10-08-luneos-september-stable-release-decaf.md,https://pivotce.com/2017/10/08/luneos-september-stable-release-decaf/,News,Developer,2141,0,0
2017-10-11,"LuneOS Browser: How to sideload Flash & WideVine plugins (Netflix, Amazon, YouTube Red)",webosports,2017-10-11-luneos-browser-how-to-sideload-flash-widevine-plugins-netflix-amazon-youtube-red.md,https://pivotce.com/2017/10/11/luneos-browser-how-to-sideload-flash-widevine-plugins-netflix-amazon-youtube-red/,News,apps,465,6,0
2017-11-07,Unlock your HP TouchPad 4G,Alan Morford,2017-11-07-unlock-your-hp-touchpad-4g.md,https://pivotce.com/2017/11/07/unlock-your-hp-touchpad-4g/,News|Tips,4g,246,0,0
2017-11-09,"Project Macaw updated, adds 280 character limit",Alan Morford,2017-11-09-project-macaw-updated-adds-280-character-limit.md,https://pivotce.com/2017/11/09/project-macaw-updated-adds-280-character-limit/,News,feed,208,0,0
2017-11-10,Skype finally axed for webOS,Alan Morford,2017-11-10-skype-finally-axed-for-webos.md,https://pivotce.com/2017/11/10/skype-finally-axed-for-webos/,News,dead,255,2,0
2017-12-01,Dianbao:  A Telegram client for webOS and a judgement call,Alan Morford,2017-12-01-dianbao-a-telegram-client-for-webos-and-a-judgement-call.md,https://pivotce.com/2017/12/01/dianbao-a-telegram-client-for-webos-and-a-judgement-call/,News,dianbao,384,1,0
2017-12-01,Qualcomm’s Palm Patents used in lawsuit against Apple over iPhone X,Alan Morford,2017-12-01-qualcomms-palm-patents-used-in-lawsuit-against-apple-over-iphone-x.md,https://pivotce.com/2017/12/01/qualcomms-palm-patents-used-in-lawsuit-against-apple-over-iphone-x/,News,apple|cards,160,1,0
2017-12-03,Bing Maps Patched for webOS,Alan Morford,2017-12-03-bing-maps-patched-for-webos.md,https://pivotce.com/2017/12/03/bing-maps-patched-for-webos/,News,bing,265,3,0
2017-12-04,Russian Video Tutorial to root your webOS TV,Alan Morford,2017-12-04-russian-video-tutorial-to-root-your-webos-tv.md,https://pivotce.com/2017/12/04/russian-video-tutorial-to-root-your-webos-tv/,News,,122,1,0
2017-12-05,UPDATE: Sale Removed…Palm Foleo available on eBay – cheap!,Alan Morford,2017-12-05-two-palm-foleos-available-on-ebay-cheap.md,https://pivotce.com/2017/12/05/two-palm-foleos-available-on-ebay-cheap/,News,Deal|ebay,201,2,0
2017-12-09,Guide: Cleaning out the /var partition when full,George Mari,2017-12-09-guide-cleaning-out-the-var-partition-when-full.md,https://pivotce.com/2017/12/09/guide-cleaning-out-the-var-partition-when-full/,News,,1135,4,0
2017-12-11,Fix Java applications for high DPI display,Alan Morford,2017-12-11-fix-java-applications-for-high-dpi-display.md,https://pivotce.com/2017/12/11/fix-java-applications-for-high-dpi-display/,Tips,dpi,176,1,0
2017-12-12,Video: iPhone X goes head to head with Palm Pre for some reason,Alan Morford,2017-12-12-video-iphone-x-goes-head-to-head-with-palm-pre-for-some-reason.md,https://pivotce.com/2017/12/12/video-iphone-x-goes-head-to-head-with-palm-pre-for-some-reason/,News,,199,1,0
2017-12-22,A webOS user’s story and why the webOS community is the best,Alan Morford,2017-12-22-a-webos-users-story-and-why-the-webos-community-is-the-best.md,https://pivotce.com/2017/12/22/a-webos-users-story-and-why-the-webos-community-is-the-best/,Editorial,community,802,1,0
2017-12-24,UPDATE: Forums and Communities fixed (webOS 2.x and up) for webOS Nation browsing,Alan Morford,2017-12-24-forums-fix-for-webos-nation-communities-fix-forthcoming-hopefully.md,https://pivotce.com/2017/12/24/forums-fix-for-webos-nation-communities-fix-forthcoming-hopefully/,News,App|communities|fix,498,4,0
2018-03-15,A Template for Web Apps,visiblink,2018-03-15-a-template-for-web-apps.md,https://pivotce.com/2018/03/15/a-template-for-web-apps/,News|Tips,apps|create,198,0,0
2018-03-15,LuneOS project still progressing,webosports,2018-03-15-luneos-project-still-progressing.md,https://pivotce.com/2018/03/15/luneos-project-still-progressing/,News,,457,1,0
2018-03-19,Open Source webOS now brought to you by LG,Alan Morford,2018-03-19-open-source-webos-now-brought-to-you-by-lg.md,https://pivotce.com/2018/03/19/open-source-webos-now-brought-to-you-by-lg/,News,,219,1,0
2018-03-22,A Quick Tour of webOS OSE on the Raspberry Pi,preemptive,2018-03-22-a-quick-tour-of-webos-ose-on-the-raspberry-pi.md,https://pivotce.com/2018/03/22/a-quick-tour-of-webos-ose-on-the-raspberry-pi/,News,Developer,581,0,0
2018-03-24,New Palm OS Software Archive,Alan Morford,2018-03-24-new-palm-os-software-archive.md,https://pivotce.com/2018/03/24/new-palm-os-software-archive/,News,apps|archive,102,1,0
2018-03-28,TCL’s Palm phone will run android…duh,Alan Morford,2018-03-28-tcls-palm-phone-will-run-android-duh.md,https://pivotce.com/2018/03/28/tcls-palm-phone-will-run-android-duh/,News,,322,1,0
2018-05-10,"webOS meetup, Chicago, 3rd June",preemptive,2018-05-10-webos-meetup-chicago-3rd-june.md,https://pivotce.com/2018/05/10/webos-meetup-chicago-3rd-june/,News,Chicago,161,0,0
2018-10-16,The New Palm phone is revealed.,preemptive,2018-10-16-the-new-palm-phone-is-revealed.md,https://pivotce.com/2018/10/16/the-new-palm-phone-is-revealed/,News,Android,619,0,0
2018-11-28,LuneOS November Stable Release: Doppio,webosports,2018-11-28-luneos-november-stable-release-doppio.md,https://pivotce.com/2018/11/28/luneos-november-stable-release-doppio/,News,Developer,2147,0,0
2019-10-24,LuneOS October Stable release: Eggnog Latte,webosports,2019-10-24-luneos-october-stable-release-eggnog-latte.md,https://pivotce.com/2019/10/24/luneos-october-stable-release-eggnog-latte/,News,Developer,4175,0,0
2022-12-26,Sunset of the webOS Nation Forums,preemptive,2022-12-26-sunset-of-the-webos-nation-forums.md,https://pivotce.com/2022/12/26/sunset-of-the-webos-nation-forums/,News,,156,0,0
2024-02-15,LuneOS February Stable release: Eiskaffee,webosports,2024-02-15-luneos-february-stable-release-eiskaffee.md,https://pivotce.com/2024/02/15/luneos-february-stable-release-eiskaffee/,News,Developer,843,0,0
2024-02-15,LuneOS: Help Wanted 2024,webosports,2024-02-15-luneos-help-wanted-2024.md,https://pivotce.com/2024/02/15/luneos-help-wanted-2024/,News,Developer,855,0,0
2024-03-30,webOS Talk at VCF East,preemptive,2024-03-30-webos-talk-at-vcf-east.md,https://pivotce.com/2024/03/30/webos-talk-at-vcf-east/,News,,210,0,0
2024-09-25,Guide: Converting the TouchPad’s Micro USB Port to USB C,Alan Morford,2024-09-25-guide-converting-the-touchpads-micro-usb-port-to-usb-c.md,https://pivotce.com/2024/09/25/guide-converting-the-touchpads-micro-usb-port-to-usb-c/,Tutorial,,1524,22,0
2024-12-05,Guide: Create an “Original Barrel” Charging Wire for your HP TouchPad,Alan Morford,2024-12-05-guide-create-an-original-barrel-charging-wire-for-your-hp-touchpad.md,https://pivotce.com/2024/12/05/guide-create-an-original-barrel-charging-wire-for-your-hp-touchpad/,Tutorial,featured,895,7,0
