id,date,title,caption,alt,mime,attached_to_post,source_url,local_path,used_in_archive,downloaded
61,2013-06-22,image-r960x960-C-9dba66d7-47672139.jpg,http://pattyland.de/pivot/files/2013/06/image-r960x960-C-9dba66d7-47672139.jpg,,image/jpeg,,https://pivotce.com/files/2013/06/image-r960x960-C-9dba66d7-47672139.jpg,images/files/2013/06/image-r960x960-C-9dba66d7-47672139.jpg,no,ok
67,2013-06-29,cake icon,,,image/png,66,https://pivotce.com/files/2013/06/icon.png,images/files/2013/06/icon.png,yes,ok
73,2013-07-03,pivot_logo,,,image/png,,https://pivotce.com/files/2013/07/pivot_logo.png,images/files/2013/07/pivot_logo.png,no,ok
96,2013-09-03,palmstuff,,,image/jpeg,90,https://pivotce.com/files/2013/09/palmstuff.jpg,images/files/2013/09/palmstuff.jpg,variant,ok
127,2013-09-21,5889980607_e212225faa_o.jpg,http://news.pivotce.com/files/2013/09/5889980607_e212225faa_o.jpg,,image/jpeg,,https://pivotce.com/files/2013/09/5889980607_e212225faa_o.jpg,images/files/2013/09/5889980607_e212225faa_o.jpg,no,ok
128,2013-09-21,cropped-5890540066_4f1b4d492c_o.jpg,http://news.pivotce.com/files/2013/09/cropped-5890540066_4f1b4d492c_o.jpg,,image/jpeg,,https://pivotce.com/files/2013/09/cropped-5890540066_4f1b4d492c_o.jpg,images/files/2013/09/cropped-5890540066_4f1b4d492c_o.jpg,no,ok
142,2013-09-21,Logo_pivotCE_dunkel_2302.png,http://news.pivotce.com/files/2013/09/Logo_pivotCE_dunkel_2302.png,,image/png,,https://pivotce.com/files/2013/09/Logo_pivotCE_dunkel_2302.png,images/files/2013/09/Logo_pivotCE_dunkel_2302.png,no,ok
153,2013-09-27,sold-stamp,,,image/gif,146,https://pivotce.com/files/2013/09/sold-stamp-e1380297813682.gif,images/files/2013/09/sold-stamp-e1380297813682.gif,yes,ok
182,2013-09-29,ACL for Touchpad,Image Credit: PIC,,image/jpeg,145,https://pivotce.com/files/2013/09/OpenMobile-ACL-For-webOS.jpg,images/files/2013/09/OpenMobile-ACL-For-webOS.jpg,yes,ok
201,2013-10-03,brokensearch,Before – Search is Broken,,image/png,191,https://pivotce.com/files/2013/10/brokensearch.png,images/files/2013/10/brokensearch.png,no,ok
203,2013-10-03,goodqual,After – Full Screen and Higher Quality,,image/jpeg,191,https://pivotce.com/files/2013/10/goodqual.jpg,images/files/2013/10/goodqual.jpg,no,ok
204,2013-10-03,badquality,Before – Not Full Screen and Low Quality,,image/jpeg,191,https://pivotce.com/files/2013/10/badquality.jpg,images/files/2013/10/badquality.jpg,no,ok
206,2013-10-03,fixedsearch,After – Search Works,,image/png,191,https://pivotce.com/files/2013/10/fixedsearch.png,images/files/2013/10/fixedsearch.png,no,ok
208,2013-10-03,brokenyoutube,,,image/png,191,https://pivotce.com/files/2013/10/brokenyoutube.png,images/files/2013/10/brokenyoutube.png,yes,ok
281,2013-10-12,Webtype Logo,,,image/png,275,https://pivotce.com/files/2013/10/logo.png,images/files/2013/10/logo.png,yes,ok
299,2013-10-15,webOS Ports Logo,,Credit: webos-ports.org,image/png,294,https://pivotce.com/files/2013/10/PortsLogo.png,images/files/2013/10/PortsLogo.png,yes,ok
323,2013-10-21,Bildschirmfoto-2013-10-20-um-23.23.53.png,,,image/png,320,https://pivotce.com/files/2013/10/Bildschirmfoto-2013-10-20-um-23.23.53.png,images/files/2013/10/Bildschirmfoto-2013-10-20-um-23.23.53.png,yes,ok
328,2013-10-21,SDL_2013-21-10_000855 (1),"Opera Mobile on the TouchPad via ACL, scoring 100/100 in the Acid3 Browser test; Much better than the webOS Stock browser!",,image/png,320,https://pivotce.com/files/2013/10/SDL_2013-21-10_000855-1.png,images/files/2013/10/SDL_2013-21-10_000855-1.png,yes,ok
362,2013-10-29,CIMG0069,,,image/jpeg,361,https://pivotce.com/files/2013/10/CIMG0069.jpg,images/files/2013/10/CIMG0069.jpg,yes,ok
371,2013-10-29,pivot_article_final,,,image/jpeg,368,https://pivotce.com/files/2013/10/pivot_article_final.jpg,images/files/2013/10/pivot_article_final.jpg,yes,ok
395,2013-11-01,Photo Credit: OpenMobile,,Photo Credit: OpenMobile,image/png,392,https://pivotce.com/files/2013/11/appmall_icon_webos_082613.png,images/files/2013/11/appmall_icon_webos_082613.png,yes,ok
414,2013-11-02,screen1,,,image/png,336,https://pivotce.com/files/2013/10/screen1.png,images/files/2013/10/screen1.png,yes,ok
418,2013-11-03,skype,,,image/png,417,https://pivotce.com/files/2013/11/skype.png,images/files/2013/11/skype.png,yes,ok
436,2013-11-04,icon_error,,,image/png,430,https://pivotce.com/files/2013/11/icon_error.png,images/files/2013/11/icon_error.png,yes,ok
459,2013-11-05,FrankenPre2 by TJs11thPre,,FrankenPre2 by TJs11thPre,image/jpeg,444,https://pivotce.com/files/2013/11/CIMG0007.jpg,images/files/2013/11/CIMG0007.jpg,yes,ok
464,2013-11-05,IMG_00000697_hdr_1,,,image/jpeg,444,https://pivotce.com/files/2013/11/IMG_00000697_hdr_1.jpg,images/files/2013/11/IMG_00000697_hdr_1.jpg,yes,ok
465,2013-11-05,IMG_00000697_hdr_2,,,image/jpeg,444,https://pivotce.com/files/2013/11/IMG_00000697_hdr_2.jpg,images/files/2013/11/IMG_00000697_hdr_2.jpg,yes,ok
466,2013-11-05,SDL_2013-04-11_104609,,,image/png,444,https://pivotce.com/files/2013/11/SDL_2013-04-11_104609.png,images/files/2013/11/SDL_2013-04-11_104609.png,yes,ok
467,2013-11-05,818397345,,,image/jpeg,444,https://pivotce.com/files/2013/11/818397345.jpg,images/files/2013/11/818397345.jpg,yes,ok
483,2013-11-06,screen2,,,image/png,336,https://pivotce.com/files/2013/10/pic2.png,images/files/2013/10/pic2.png,yes,ok
494,2013-11-07,b87758130d197a0a,"Bernd Bischoff, Source: Fujitsu Siemens Computers","Bernd Bischoff, Source: Fujitsu Siemens Computers",image/jpeg,485,https://pivotce.com/files/2013/11/b87758130d197a0a.jpg,images/files/2013/11/b87758130d197a0a.jpg,yes,ok
518,2013-11-15,Garfonso,,Garfonso,image/jpeg,505,https://pivotce.com/files/2013/11/Ich.jpg,images/files/2013/11/Ich.jpg,yes,ok
519,2013-11-15,Preware 2,,Preware 2,image/png,505,https://pivotce.com/files/2013/11/packagelist.png,images/files/2013/11/packagelist.png,yes,ok
534,2013-11-17,cropped-wp_header.png,http://pivotce.com/files/2013/11/cropped-wp_header.png,,image/png,,https://pivotce.com/files/2013/11/cropped-wp_header.png,images/files/2013/11/cropped-wp_header.png,no,ok
548,2013-11-20,metadoctor,,,image/png,542,https://pivotce.com/files/2013/11/metadoctor.png,images/files/2013/11/metadoctor.png,yes,ok
558,2013-11-20,Android on Pre3,,Android on webOS?,image/jpeg,536,https://pivotce.com/files/2013/11/Android-on-Pre3.jpg,images/files/2013/11/Android-on-Pre3.jpg,yes,ok
567,2013-11-21,LG-WebOS,,,image/png,566,https://pivotce.com/files/2013/11/LG-WebOS.png,images/files/2013/11/LG-WebOS.png,yes,ok
578,2013-11-21,Android_KitKat-900-80,,,image/jpeg,577,https://pivotce.com/files/2013/11/Android_KitKat-900-80.jpg,images/files/2013/11/Android_KitKat-900-80.jpg,yes,ok
595,2013-11-24,avatar,,,image/jpeg,594,https://pivotce.com/files/2013/11/avatar.jpg,images/files/2013/11/avatar.jpg,variant,ok
599,2013-11-24,Better Email Header,,,image/png,594,https://pivotce.com/files/2013/11/email_2013-18-11_205034.png,images/files/2013/11/email_2013-18-11_205034.png,yes,ok
602,2013-11-24,Screen Shot 2013-11-18 at 8.43.16 PM,,,image/png,594,https://pivotce.com/files/2013/11/Screen-Shot-2013-11-18-at-8.43.16-PM.png,images/files/2013/11/Screen-Shot-2013-11-18-at-8.43.16-PM.png,yes,ok
603,2013-11-24,GCW Zero WiFi,,,image/png,594,https://pivotce.com/files/2013/11/Screen-Shot-2013-11-18-at-8.43.32-PM.png,images/files/2013/11/Screen-Shot-2013-11-18-at-8.43.32-PM.png,variant,ok
608,2013-11-25,appdotnet-icon-share@2x,,,image/png,,https://pivotce.com/files/2013/11/appdotnet-icon-share@2x.png,images/files/2013/11/appdotnet-icon-share_2x.png,no,ok
628,2013-12-01,Analytics pivotCE Audience Overview 20131031-20131130,Analytics pivotCE Audience Overview 20131031-20131130,,application/pdf,,https://pivotce.com/files/2013/12/Analytics-pivotCE-Audience-Overview-20131031-20131130.pdf,images/files/2013/12/Analytics-pivotCE-Audience-Overview-20131031-20131130.pdf,no,ok
657,2013-12-02,palm-pre-teardown-complete-1,,,image/jpeg,632,https://pivotce.com/files/2013/12/palm-pre-teardown-complete-1.jpg,images/files/2013/12/palm-pre-teardown-complete-1.jpg,yes,ok
660,2013-12-02,DIY_Cellphone,Image courtesy of David Mellis/DIY Cellphone,,image/jpeg,632,https://pivotce.com/files/2013/12/DIY_Cellphone.jpg,images/files/2013/12/DIY_Cellphone.jpg,yes,ok
669,2013-12-02,Christmas Wish List,Image: Creative Commons,,image/jpeg,668,https://pivotce.com/files/2013/12/wcn247-flickr-creative-commons.jpg,images/files/2013/12/wcn247-flickr-creative-commons.jpg,variant,ok
671,2013-12-02,android_rooting,Android waiting for root,,image/jpeg,,https://pivotce.com/files/2013/12/android_rooting.jpg,images/files/2013/12/android_rooting.jpg,no,ok
672,2013-12-02,ios_jailbreak,iPhone need Jailbreak,,image/jpeg,,https://pivotce.com/files/2013/12/35417m.jpg,images/files/2013/12/35417m.jpg,no,ok
679,2013-12-02,ps3_jb,PlayStation Jailbreak Stick,,image/jpeg,,https://pivotce.com/files/2013/12/ps3_jb.jpg,images/files/2013/12/ps3_jb.jpg,no,ok
684,2013-12-02,konami,"Just in case I forget.
via dorkly.com",,image/jpeg,,https://pivotce.com/files/2013/12/konami.jpg,images/files/2013/12/konami.jpg,no,ok
711,2013-12-05,"Apple Inc. CEO and co-founder, Steve Jobs health",Image by © JOHN G. MABANGLO/epa/Corbis,,image/jpeg,710,https://pivotce.com/files/2013/12/31.jpg,images/files/2013/12/31.jpg,yes,ok
716,2013-12-05,WebOS-Internals-logo-200px,Image Credit: webOS Internals,,image/png,710,https://pivotce.com/files/2013/12/WebOS-Internals-logo-200px.png,images/files/2013/12/WebOS-Internals-logo-200px.png,yes,ok
760,2013-12-11,modev east,,,image/png,756,https://pivotce.com/files/2013/12/i.png,images/files/2013/12/i.png,yes,ok
780,2013-12-14,orcrest1,,,image/png,769,https://pivotce.com/files/2013/12/orcrest1.png,images/files/2013/12/orcrest1.png,yes,ok
781,2013-12-14,orcrest2,,,image/png,769,https://pivotce.com/files/2013/12/orcrest2.png,images/files/2013/12/orcrest2.png,yes,ok
791,2013-12-16,flyingpig,Image Credit: Wiki Commons,Image Credit: Wiki Commons,image/png,788,https://pivotce.com/files/2013/12/flyingpig.png,images/files/2013/12/flyingpig.png,no,ok
802,2013-12-18,Vistaus,,,image/jpeg,729,https://pivotce.com/files/2013/12/4de5eaa1f4e496900c1fc419d859940c.jpg,images/files/2013/12/4de5eaa1f4e496900c1fc419d859940c.jpg,yes,ok
804,2013-12-18,isisbrowser,,,image/png,729,https://pivotce.com/files/2013/12/isisbrowser_2013-27-02_164628.png,images/files/2013/12/isisbrowser_2013-27-02_164628.png,yes,ok
806,2013-12-18,isisbrowser2,,,image/png,729,https://pivotce.com/files/2013/12/isisbrowser_2013-27-02_164550.png,images/files/2013/12/isisbrowser_2013-27-02_164550.png,yes,ok
816,2013-12-18,icon,,,image/jpeg,729,https://pivotce.com/files/2013/12/icon.jpg,images/files/2013/12/icon.jpg,yes,ok
825,2013-12-18,orcrest1,,,image/png,,https://pivotce.com/files/2013/12/orcrest11.png,images/files/2013/12/orcrest11.png,no,ok
826,2013-12-18,Bildschirmfoto 2013-12-18 um 23.16.47,,,image/png,,https://pivotce.com/files/2013/12/Bildschirmfoto-2013-12-18-um-23.16.47.png,images/files/2013/12/Bildschirmfoto-2013-12-18-um-23.16.47.png,no,ok
833,2013-12-19,ACLforwebOS,,,image/png,788,https://pivotce.com/files/2013/12/email_2013-19-12_072944.png,images/files/2013/12/email_2013-19-12_072944.png,yes,ok
835,2013-12-19,sadtux,Image Credit: Sodpit.com,,image/png,788,https://pivotce.com/files/2013/12/sadtux.png,images/files/2013/12/sadtux.png,yes,ok
845,2013-12-20,nohappy,,,image/jpeg,842,https://pivotce.com/files/2013/12/nohappy.jpg,images/files/2013/12/nohappy.jpg,variant,ok
862,2013-12-20,2013-12-19-image-1,,,image/jpeg,859,https://pivotce.com/files/2013/12/2013-12-19-image-1.jpg,images/files/2013/12/2013-12-19-image-1.jpg,yes,ok
876,2013-12-20,logo,,,image/png,756,https://pivotce.com/files/2013/12/logo.png,images/files/2013/12/logo.png,yes,ok
878,2013-12-20,worksign,,,image/jpeg,756,https://pivotce.com/files/2013/12/worksign.jpg,images/files/2013/12/worksign.jpg,yes,ok
880,2013-12-20,facebook-crash-honeycomb,,,image/jpeg,430,https://pivotce.com/files/2013/11/facebook-crash-honeycomb.jpg,images/files/2013/11/facebook-crash-honeycomb.jpg,yes,ok
883,2013-12-20,feedly_webos,,,image/png,881,https://pivotce.com/files/2013/12/feedly_webos.png,images/files/2013/12/feedly_webos.png,yes,ok
885,2013-12-20,feedspider_2013-20-12_124902,,,image/png,881,https://pivotce.com/files/2013/12/feedspider_2013-20-12_124902.png,images/files/2013/12/feedspider_2013-20-12_124902.png,no,ok
886,2013-12-20,feedspider_2013-19-12_145949,,,image/png,881,https://pivotce.com/files/2013/12/feedspider_2013-19-12_145949.png,images/files/2013/12/feedspider_2013-19-12_145949.png,no,ok
887,2013-12-20,feedspider_2013-19-12_150030,,,image/png,881,https://pivotce.com/files/2013/12/feedspider_2013-19-12_150030.png,images/files/2013/12/feedspider_2013-19-12_150030.png,no,ok
890,2013-12-20,9f8209978d3f8a33dd81c677f069bf1c,,,image/png,881,https://pivotce.com/files/2013/12/9f8209978d3f8a33dd81c677f069bf1c.png,images/files/2013/12/9f8209978d3f8a33dd81c677f069bf1c.png,yes,ok
903,2013-12-22,Hacker_by_Hashakgig1106,,,image/jpeg,902,https://pivotce.com/files/2013/12/Hacker_by_Hashakgig1106.jpg,images/files/2013/12/Hacker_by_Hashakgig1106.jpg,yes,ok
919,2013-12-23,feedspider_2013-20-12_145850,,,image/png,881,https://pivotce.com/files/2013/12/feedspider_2013-20-12_145850.png,images/files/2013/12/feedspider_2013-20-12_145850.png,no,ok
932,2013-12-24,1227044349,,,image/jpeg,929,https://pivotce.com/files/2013/12/1227044349.jpeg,images/files/2013/12/1227044349.jpeg,yes,ok
941,2013-12-25,webos-quick-install-mac-1,,,image/jpeg,821,https://pivotce.com/files/2013/12/webos-quick-install-mac-1.jpg,images/files/2013/12/webos-quick-install-mac-1.jpg,yes,ok
950,2013-12-26,Phone Print2,"Image: Printer by Artua.com, Pre 3: Dailytech.com",Print wirelessly from your webOS phone.,image/jpeg,945,https://pivotce.com/files/2013/12/Phone-Print2.jpeg,images/files/2013/12/Phone-Print2.jpeg,yes,ok
961,2013-12-27,Touchstone,"Images: letstalktablets.com, fasttech.com, ebay.com",,image/jpeg,949,https://pivotce.com/files/2013/12/Touchstone.jpg,images/files/2013/12/Touchstone.jpg,yes,ok
969,2013-12-28,WiFi File Sharing,"Image: PC by oxygen-icons.org, WiFi File Sharing by BlueRQ",WiFi File Sharing,image/jpeg,939,https://pivotce.com/files/2013/12/WiFi-File-Sharing.jpg,images/files/2013/12/WiFi-File-Sharing.jpg,yes,ok
981,2013-12-28,internalz_2013-28-12_142724,Browsing files with Internalz Pro,Internalz Pro,image/png,965,https://pivotce.com/files/2013/12/internalz_2013-28-12_1427242.png,images/files/2013/12/internalz_2013-28-12_1427242.png,yes,ok
997,2013-12-28,6Ts,,6Ts Snowflakes,image/jpeg,985,https://pivotce.com/files/2013/12/6Ts1.jpg,images/files/2013/12/6Ts1.jpg,yes,ok
1023,2013-12-31,RSS News TP,News image by psdgraphics.com,RSS feeds on webOS,image/jpeg,967,https://pivotce.com/files/2013/12/RSS-News-TP.jpg,images/files/2013/12/RSS-News-TP.jpg,yes,ok
1035,2014-01-01,macaw,Image from: wallpaperswala.com,A Macaw flying,image/jpeg,1026,https://pivotce.com/files/2014/01/macaw.jpg,images/files/2014/01/macaw.jpg,yes,ok
1040,2014-01-01,3689261334_8af55da913_o,,,image/jpeg,,https://pivotce.com/files/2014/01/3689261334_8af55da913_o.jpg,images/files/2014/01/3689261334_8af55da913_o.jpg,no,ok
1045,2014-01-01,8334209809_c63e935e74_h,,,image/jpeg,1031,https://pivotce.com/files/2014/01/8334209809_c63e935e74_h.jpg,images/files/2014/01/8334209809_c63e935e74_h.jpg,yes,ok
1047,2014-01-01,webosares2,,,image/png,336,https://pivotce.com/files/2013/10/webosares2.png,images/files/2013/10/webosares2.png,yes,ok
1059,2014-01-02,webOS_Doctor,,,image/jpeg,1028,https://pivotce.com/files/2013/12/webOS_Doctor.jpg,images/files/2013/12/webOS_Doctor.jpg,yes,ok
1078,2014-01-02,lg-webos,Image: @evleaks,,image/png,1054,https://pivotce.com/files/2014/01/lg-webos.png,images/files/2014/01/lg-webos.png,yes,ok
1088,2014-01-02,thevergewebos,,,image/jpeg,1068,https://pivotce.com/files/2014/01/thevergewebos.jpg,images/files/2014/01/thevergewebos.jpg,yes,ok
1098,2014-01-02,cryingwebos,,,image/jpeg,1068,https://pivotce.com/files/2014/01/cryingwebos.jpg,images/files/2014/01/cryingwebos.jpg,variant,ok
1121,2014-01-03,Tweaks,,The Tweaks control panel app,image/png,1112,https://pivotce.com/files/2014/01/Tweaks.png,images/files/2014/01/Tweaks.png,yes,ok
1127,2014-01-03,tuxmas,,,image/jpeg,1116,https://pivotce.com/files/2014/01/tuxmas.jpg,images/files/2014/01/tuxmas.jpg,no,ok
1140,2014-01-04,tuxmas3,,,image/jpeg,1114,https://pivotce.com/files/2014/01/tuxmas3.jpg,images/files/2014/01/tuxmas3.jpg,yes,ok
1147,2014-01-05,BMW_V8_engine_X5,Image: wikimedia.org,The kernel: engine of an operating system,image/jpeg,1116,https://pivotce.com/files/2014/01/Engine.jpg,images/files/2014/01/Engine.jpg,yes,ok
1160,2014-01-05,TP-TV,,,image/jpeg,1157,https://pivotce.com/files/2014/01/CIMG0115.jpg,images/files/2014/01/CIMG0115.jpg,yes,ok
1182,2014-01-06,11790279044_9c255049a8_o,,,image/jpeg,1173,https://pivotce.com/files/2014/01/11790279044_9c255049a8_o.jpg,images/files/2014/01/11790279044_9c255049a8_o.jpg,yes,ok
1183,2014-01-06,11790628436_dde9a11cc2_o,,,image/jpeg,1173,https://pivotce.com/files/2014/01/11790628436_dde9a11cc2_o.jpg,images/files/2014/01/11790628436_dde9a11cc2_o.jpg,yes,ok
1184,2014-01-06,11789910235_290fbf29e2_o,,,image/jpeg,1173,https://pivotce.com/files/2014/01/11789910235_290fbf29e2_o.jpg,images/files/2014/01/11789910235_290fbf29e2_o.jpg,yes,ok
1202,2014-01-06,Bean Bird,Image: LG Electronics,LG's Bean Bird Character from the webOS TV.,image/jpeg,1143,https://pivotce.com/files/2014/01/Bean-Bird.jpg,images/files/2014/01/Bean-Bird.jpg,yes,ok
1203,2014-01-06,Bildschirmfoto 2014-01-06 um 17.09.04,,,image/png,,https://pivotce.com/files/2014/01/Bildschirmfoto-2014-01-06-um-17.09.04.png,images/files/2014/01/Bildschirmfoto-2014-01-06-um-17.09.04.png,no,ok
1204,2014-01-06,Bildschirmfoto 2014-01-06 um 17.51.36,,,image/png,,https://pivotce.com/files/2014/01/Bildschirmfoto-2014-01-06-um-17.51.36.png,images/files/2014/01/Bildschirmfoto-2014-01-06-um-17.51.36.png,no,ok
1209,2014-01-06,lg_webos_tv_1_large_verge_super_wide,webOS TV via The Verge,,image/jpeg,1143,https://pivotce.com/files/2014/01/lg_webos_tv_1_large_verge_super_wide.jpg,images/files/2014/01/lg_webos_tv_1_large_verge_super_wide.jpg,yes,ok
1218,2014-01-07,webOS at CES,Image: LG Electronics,A big webOS logo at CES 2014,image/jpeg,1143,https://pivotce.com/files/2014/01/CES.jpg,images/files/2014/01/CES.jpg,yes,ok
1255,2014-01-08,philpic,,,image/png,1230,https://pivotce.com/files/2014/01/philpic.png,images/files/2014/01/philpic.png,yes,ok
1274,2014-01-10,2014_LG_Smart_TV_with_webOS_10.01.2014 10.56.47,,,image/png,1271,https://pivotce.com/files/2014/01/2014_LG_Smart_TV_with_webOS_10.01.2014-10.56.47.png,images/files/2014/01/2014_LG_Smart_TV_with_webOS_10.01.2014-10.56.47.png,yes,ok
1292,2014-01-23,412878-lg-webos-tv,,,image/jpeg,1289,https://pivotce.com/files/2014/01/412878-lg-webos-tv.jpg,images/files/2014/01/412878-lg-webos-tv.jpg,yes,ok
1305,2014-01-24,Ericcson Speed Test,Ericcson Speed Test,,image/png,1283,https://pivotce.com/files/2014/01/ericssonookla.png,images/files/2014/01/ericssonookla.png,yes,ok
1309,2014-01-24,Webhosting-Internet-13,,,image/jpeg,1283,https://pivotce.com/files/2014/01/Webhosting-Internet-13.jpg,images/files/2014/01/Webhosting-Internet-13.jpg,yes,ok
1317,2014-01-24,Sierra Speed Test,Sierra Speed Test,,image/png,1283,https://pivotce.com/files/2014/01/sierraookla1.png,images/files/2014/01/sierraookla1.png,yes,ok
1321,2014-01-25,4gtouchpad,,,image/png,1283,https://pivotce.com/files/2014/01/4gtouchpad.png,images/files/2014/01/4gtouchpad.png,variant,ok
1326,2014-01-26,Speed Comparison Chart,Speed Comparison Chart,,image/png,1283,https://pivotce.com/files/2014/01/speedgraph.png,images/files/2014/01/speedgraph.png,yes,ok
1367,2014-01-27,doctor,,,image/jpeg,1334,https://pivotce.com/files/2014/01/doctor.jpg,images/files/2014/01/doctor.jpg,yes,ok
1385,2014-01-28,SF_From_Marin_Highlands,San Francisco. Image: Paul.h at en.wikipedia.org,San Fransisco seen from the Marin highlands,image/jpeg,1379,https://pivotce.com/files/2014/01/SF_From_Marin_Highlands.jpg,images/files/2014/01/SF_From_Marin_Highlands.jpg,yes,ok
1398,2014-01-29,SSL Error,,,image/png,1390,https://pivotce.com/files/2014/01/email_2014-29-01_103620.png,images/files/2014/01/email_2014-29-01_103620.png,variant,ok
1399,2014-01-29,Cert Error,,,image/png,1390,https://pivotce.com/files/2014/01/email_2014-29-01_101753.png,images/files/2014/01/email_2014-29-01_101753.png,variant,ok
1415,2014-01-30,gpsviewer1,,,image/png,1404,https://pivotce.com/files/2014/01/gpsviewer1.png,images/files/2014/01/gpsviewer1.png,yes,ok
1416,2014-01-30,selfportrait,,,image/jpeg,1404,https://pivotce.com/files/2014/01/selfportrait.jpg,images/files/2014/01/selfportrait.jpg,variant,ok
1417,2014-01-30,smsforward_2010-05-17_both_active,,,image/png,1404,https://pivotce.com/files/2014/01/smsforward_2010-05-17_both_active.png,images/files/2014/01/smsforward_2010-05-17_both_active.png,yes,ok
1423,2014-01-31,forums_2014-30-01_104902,Clean start page,,image/png,1404,https://pivotce.com/files/2014/01/forums_2014-30-01_104902.png,images/files/2014/01/forums_2014-30-01_104902.png,yes,ok
1424,2014-01-31,forums_2014-30-01_105356,Manually add forums,,image/png,1404,https://pivotce.com/files/2014/01/forums_2014-30-01_105356.png,images/files/2014/01/forums_2014-30-01_105356.png,yes,ok
1425,2014-01-31,forums_2014-30-01_105306,Likes and Thanks enabled,,image/png,1404,https://pivotce.com/files/2014/01/forums_2014-30-01_105306.png,images/files/2014/01/forums_2014-30-01_105306.png,yes,ok
1448,2014-01-31,foursquare,,,image/png,1447,https://pivotce.com/files/2014/01/foursquare.png,images/files/2014/01/foursquare.png,yes,ok
1461,2014-02-10,webozzzzz,,,image/jpeg,1460,https://pivotce.com/files/2014/02/webozzzzz.jpg,images/files/2014/02/webozzzzz.jpg,yes,ok
1477,2014-02-10,justtype,,,image/png,1460,https://pivotce.com/files/2014/02/justtype.png,images/files/2014/02/justtype.png,yes,ok
1478,2014-02-10,stacks,,,image/png,1460,https://pivotce.com/files/2014/02/stacks.png,images/files/2014/02/stacks.png,yes,ok
1482,2014-02-10,moonstone1,,,image/png,1481,https://pivotce.com/files/2014/02/moonstone1.png,images/files/2014/02/moonstone1.png,yes,ok
1484,2014-02-10,moonstone3,,,image/png,1481,https://pivotce.com/files/2014/02/moonstone3.png,images/files/2014/02/moonstone3.png,yes,ok
1485,2014-02-10,moonstone4,,,image/png,1481,https://pivotce.com/files/2014/02/moonstone4.png,images/files/2014/02/moonstone4.png,yes,ok
1488,2014-02-10,moonstone_tv,,,image/png,1481,https://pivotce.com/files/2014/02/moonstone_tv.png,images/files/2014/02/moonstone_tv.png,yes,ok
1508,2014-02-14,OMPIC2,,PIC & Open Mobile make their second release of ACL.,image/jpeg,1507,https://pivotce.com/files/2014/02/OMPIC2.jpg,images/files/2014/02/OMPIC2.jpg,yes,ok
1522,2014-02-16,me,,,image/jpeg,1520,https://pivotce.com/files/2014/02/me.jpg,images/files/2014/02/me.jpg,variant,ok
1524,2014-02-16,palmosuniverse,,,image/png,1520,https://pivotce.com/files/2014/02/palmosuniverse.png,images/files/2014/02/palmosuniverse.png,variant,ok
1525,2014-02-16,webosuniverse,,,image/png,1520,https://pivotce.com/files/2014/02/webosuniverse.png,images/files/2014/02/webosuniverse.png,yes,ok
1527,2014-02-16,palmiiic,,,image/jpeg,1520,https://pivotce.com/files/2014/02/palmiiic.jpg,images/files/2014/02/palmiiic.jpg,yes,ok
1531,2014-02-17,AndroidChroot,Android screen grab: Nikolay Nizov,Android in a card!,image/jpeg,1530,https://pivotce.com/files/2014/02/AndroidChroot.jpg,images/files/2014/02/AndroidChroot.jpg,yes,ok
1552,2014-03-01,CIMG0093,,,image/jpeg,1551,https://pivotce.com/files/2014/03/CIMG0093.jpg,images/files/2014/03/CIMG0093.jpg,yes,ok
1553,2014-03-01,CIMG0095,Case props up nicely,,image/jpeg,1551,https://pivotce.com/files/2014/03/CIMG0095.jpg,images/files/2014/03/CIMG0095.jpg,yes,ok
1554,2014-03-01,CIMG0096,Open flap,,image/jpeg,1551,https://pivotce.com/files/2014/03/CIMG0096.jpg,images/files/2014/03/CIMG0096.jpg,yes,ok
1555,2014-03-01,CIMG0099,Closed flap,,image/jpeg,1551,https://pivotce.com/files/2014/03/CIMG0099.jpg,images/files/2014/03/CIMG0099.jpg,yes,ok
1556,2014-03-01,CIMG0100,USB access is unhindered,,image/jpeg,1551,https://pivotce.com/files/2014/03/CIMG0100.jpg,images/files/2014/03/CIMG0100.jpg,yes,ok
1568,2014-03-14,Enyo_Pizza,Image: FreeGreatPicture.com / Enyojs.com,Enyo Pizza,image/jpeg,1567,https://pivotce.com/files/2014/03/Enyo_Pizza.jpg,images/files/2014/03/Enyo_Pizza.jpg,yes,ok
1585,2014-04-01,Léo Apotheker,,,image/jpeg,1584,https://pivotce.com/files/2014/04/Léo-Apotheker.jpg,images/files/2014/04/L_o-Apotheker.jpg,no,ok
1593,2014-04-01,GwebOS logo,Image: Google webOS logo,Google webOS? No. April Fools!,image/jpeg,1591,https://pivotce.com/files/2014/04/GwebOS-logo.jpg,images/files/2014/04/GwebOS-logo.jpg,yes,ok
1617,2014-04-04,webos-lost-1-theverge-2_1020,,,image/jpeg,1608,https://pivotce.com/files/2014/04/webos-lost-1-theverge-2_1020.jpg,images/files/2014/04/webos-lost-1-theverge-2_1020.jpg,yes,ok
1626,2014-04-09,2048_2014-08-04_212108,The 2048 Game,The 2048 Game,image/png,1625,https://pivotce.com/files/2014/04/2048_2014-08-04_212108.png,images/files/2014/04/2048_2014-08-04_212108.png,yes,ok
1647,2014-04-19,enyo_avatar_gray_256x256_trans,Image: Enyojs.com,Enyo logo,image/png,1646,https://pivotce.com/files/2014/04/enyo_avatar_gray_256x256_trans.png,images/files/2014/04/enyo_avatar_gray_256x256_trans.png,yes,ok
1657,2014-04-20,hatching2,Photo: Sean Bonnette / National Science Foundation,A newly hatched Adélie penguin chick with its parent.,image/jpeg,1656,https://pivotce.com/files/2014/04/hatching2.jpg,images/files/2014/04/hatching2.jpg,yes,ok
1658,2014-04-20,logo-usap,Logo of the United States Antartic Program,Logo of the United States Antartic Program,image/jpeg,1656,https://pivotce.com/files/2014/04/logo-usap.jpg,images/files/2014/04/logo-usap.jpg,no,ok
1659,2014-04-20,USAP-Logo-Small,Logo of the Unit,Logo of the Unit,image/png,1656,https://pivotce.com/files/2014/04/USAP-Logo-Small.png,images/files/2014/04/USAP-Logo-Small.png,yes,ok
1677,2014-05-07,googlebroken,,,image/jpeg,1676,https://pivotce.com/files/2014/05/googlebroken.jpg,images/files/2014/05/googlebroken.jpg,variant,ok
1728,2014-05-26,Logo_square,,,image/png,,https://pivotce.com/files/2014/05/Logo_square.png,images/files/2014/05/Logo_square.png,no,ok
1729,2014-05-26,Logo_invers_square,,,image/png,,https://pivotce.com/files/2014/05/Logo_invers_square.png,images/files/2014/05/Logo_invers_square.png,no,ok
1730,2014-05-26,Logo_invers_wide,,,image/png,,https://pivotce.com/files/2014/05/Logo_invers_wide.png,images/files/2014/05/Logo_invers_wide.png,no,ok
1746,2014-06-06,Pre_Pixi_2014,The Pre & Pixi in 2014. Images copyright Palm Inc.,The Palm Pre & Pixi in2014,image/jpeg,1703,https://pivotce.com/files/2014/05/Pre_Pixi_2014.jpg,images/files/2014/05/Pre_Pixi_2014.jpg,yes,ok
1752,2014-06-06,webOS_Day,,,image/jpeg,1747,https://pivotce.com/files/2014/06/webOS_Day1.jpg,images/files/2014/06/webOS_Day1.jpg,yes,ok
1758,2014-06-09,12605_ios7-multitask-webos-660×660,,,image/jpeg,1738,https://pivotce.com/files/2014/06/12605_ios7-multitask-webos-660x660.jpg,images/files/2014/06/12605_ios7-multitask-webos-660x660.jpg,yes,ok
1780,2014-06-13,blue-white-sphere-text_1,,,image/png,1779,https://pivotce.com/files/2014/06/blue-white-sphere-text_1.png,images/files/2014/06/blue-white-sphere-text_1.png,yes,ok
1781,2014-06-13,default-app-icon,,,image/png,1779,https://pivotce.com/files/2014/06/default-app-icon.png,images/files/2014/06/default-app-icon.png,yes,ok
1802,2014-06-14,LuneOS featured image,,,image/jpeg,1779,https://pivotce.com/files/2014/06/LuneOS-featured-image.jpg,images/files/2014/06/LuneOS-featured-image.jpg,yes,ok
1816,2014-06-14,gauth_2014-13-06_121239,,,image/png,,https://pivotce.com/files/2014/06/gauth_2014-13-06_121239.png,images/files/2014/06/gauth_2014-13-06_121239.png,no,ok
1818,2014-06-14,gauth_2014-13-06_133341,,,image/png,,https://pivotce.com/files/2014/06/gauth_2014-13-06_133341.png,images/files/2014/06/gauth_2014-13-06_133341.png,no,ok
1826,2014-06-15,gauth featured image,,,image/jpeg,,https://pivotce.com/files/2014/06/gauth-featured-image.jpg,images/files/2014/06/gauth-featured-image.jpg,no,ok
1827,2014-06-15,News crumbs,Image: Alan Morford,News crumbs straight from the webOS toaster,image/jpeg,,https://pivotce.com/files/2014/06/news-crumbs-2.jpg,images/files/2014/06/news-crumbs-2.jpg,yes,ok
1876,2014-07-08,LGpromo,The LG promo website,,image/jpeg,1720,https://pivotce.com/files/2014/05/LGpromo.jpg,images/files/2014/05/LGpromo.jpg,yes,ok
1881,2014-07-11,Chicago_sunrise_1,Image Credit: Daniel Schwen,Chicago sunrise by Daniel Schwen,image/jpeg,1880,https://pivotce.com/files/2014/07/Chicago_sunrise_1.jpg,images/files/2014/07/Chicago_sunrise_1.jpg,yes,ok
1909,2014-08-06,Pre2 & Veeri 2014,The Pre2 & Veer in 2014,The Pre2 & Veer in 2014,image/jpeg,1829,https://pivotce.com/files/2014/07/Pre2-Veeri-2014.jpg,images/files/2014/07/Pre2-Veeri-2014.jpg,yes,ok
1926,2014-08-18,Skype,Skype isn’t dead yet on webOS.,Skype on webOS,image/jpeg,1922,https://pivotce.com/files/2014/08/Skype.jpg,images/files/2014/08/Skype.jpg,yes,ok
1931,2014-08-18,webOS Nexus5,LG webOS on a Nexus 5,LG webOS on a Nexus 5,image/jpeg,1928,https://pivotce.com/files/2014/08/webOS-Nexus5.jpg,images/files/2014/08/webOS-Nexus5.jpg,yes,ok
1938,2014-08-20,The Pre3 & TP in 2014,The Pre3 and Touchpad in 2014.,The Pre3 and Touchpad in 2014.,image/jpeg,1870,https://pivotce.com/files/2014/07/Pre3-TP-2014.jpg,images/files/2014/07/Pre3-TP-2014.jpg,yes,ok
1958,2014-08-29,luneosreleaseheader2,,,image/jpeg,830,https://pivotce.com/files/2014/08/luneosreleaseheader2.jpg,images/files/2014/08/luneosreleaseheader2.jpg,no,ok
1963,2014-08-29,preware down featured,,,image/jpeg,1959,https://pivotce.com/files/2014/08/preware-down-featured.jpg,images/files/2014/08/preware-down-featured.jpg,yes,ok
1969,2014-08-29,whois1,,,image/jpeg,1959,https://pivotce.com/files/2014/08/whois1.jpg,images/files/2014/08/whois1.jpg,yes,ok
1970,2014-08-29,whois2,,,image/jpeg,1959,https://pivotce.com/files/2014/08/whois2.jpg,images/files/2014/08/whois2.jpg,yes,ok
1983,2014-08-30,Tweaks,Tweaks is planned to enable your favorite custom app settings.,,image/png,830,https://pivotce.com/files/2014/08/Affogato1.png,images/files/2014/08/Affogato1.png,no,ok
1984,2014-08-30,LuneOS Tweaks,Tweaks is planned to enable your favorite custom app settings.,,image/png,830,https://pivotce.com/files/2014/08/Affogato2.png,images/files/2014/08/Affogato2.png,no,ok
1985,2014-08-30,Preware 2,Completely Enyo 2. Preware 2 works right now.,,image/png,830,https://pivotce.com/files/2014/08/Affogato3.png,images/files/2014/08/Affogato3.png,no,ok
1986,2014-08-30,Phone,The phone app is coming along nicely.,,image/png,830,https://pivotce.com/files/2014/08/Affogato4.png,images/files/2014/08/Affogato4.png,no,ok
1987,2014-08-30,Phone Contacts,Contacts will still be visible from the phone app like current webOS phones.,,image/png,830,https://pivotce.com/files/2014/08/Affogato5.png,images/files/2014/08/Affogato5.png,no,ok
1988,2014-08-30,File Manager,There is a built-in File Manager already present.,,image/png,830,https://pivotce.com/files/2014/08/Affogato6.png,images/files/2014/08/Affogato6.png,no,ok
1989,2014-08-30,OTA Updates,The OTA update backend is part of the OS and can be checked in Settings.,,image/png,830,https://pivotce.com/files/2014/08/Affogato7.png,images/files/2014/08/Affogato7.png,no,ok
1990,2014-08-30,PDF Viewer,"Hello, world! The PDF Viewer works as well.",,image/png,830,https://pivotce.com/files/2014/08/Affogato8.png,images/files/2014/08/Affogato8.png,no,ok
1991,2014-08-30,LuneOS,It looks just like it should and is running better and better.,,image/png,830,https://pivotce.com/files/2014/08/Affogato9.png,images/files/2014/08/Affogato9.png,no,ok
1996,2014-08-31,start_keyboard_windows_key,,,image/jpeg,1994,https://pivotce.com/files/2014/08/start_keyboard_windows_key.jpg,images/files/2014/08/start_keyboard_windows_key.jpg,no,ok
1999,2014-08-31,notepad,,,image/jpeg,1994,https://pivotce.com/files/2014/08/notepad.jpg,images/files/2014/08/notepad.jpg,no,ok
2006,2014-08-31,hosts,,,image/png,1994,https://pivotce.com/files/2014/08/hosts.png,images/files/2014/08/hosts.png,no,ok
2009,2014-08-31,edithosts,,,image/png,1994,https://pivotce.com/files/2014/08/edithosts.png,images/files/2014/08/edithosts.png,no,ok
2014,2014-08-31,7zip,,,image/png,1994,https://pivotce.com/files/2014/08/7zip.png,images/files/2014/08/7zip.png,no,ok
2023,2014-08-31,preware featured image,,,image/jpeg,1994,https://pivotce.com/files/2014/08/preware-featured-image.jpg,images/files/2014/08/preware-featured-image.jpg,yes,ok
2048,2014-09-01,Tweaks,Tweaks is used to enable your favorite custom app settings.,,image/png,830,https://pivotce.com/files/2014/09/Affogato1.png,images/files/2014/09/Affogato1.png,no,ok
2050,2014-09-02,Tweaks,Tweaks is used to enable your favorite custom app settings.,,image/png,830,https://pivotce.com/files/2014/09/Affogato2.png,images/files/2014/09/Affogato2.png,no,ok
2071,2014-09-11,luneosheader,,,image/jpeg,830,https://pivotce.com/files/2014/09/luneosheader.jpg,images/files/2014/09/luneosheader.jpg,yes,ok
2080,2014-09-11,linuxmeme,,,image/jpeg,2072,https://pivotce.com/files/2014/09/linuxmeme.jpg,images/files/2014/09/linuxmeme.jpg,variant,ok
2099,2014-09-16,enyoappheader,,,image/jpeg,2088,https://pivotce.com/files/2014/09/enyoappheader.jpg,images/files/2014/09/enyoappheader.jpg,yes,ok
2107,2014-09-19,Me,,,image/jpeg,2104,https://pivotce.com/files/2014/09/Me.jpg,images/files/2014/09/Me.jpg,variant,ok
2108,2014-09-19,PalmZ72_TX_Linux_example,,,image/jpeg,2104,https://pivotce.com/files/2014/09/PalmZ72_TX_Linux_example.jpg,images/files/2014/09/PalmZ72_TX_Linux_example.jpg,yes,ok
2109,2014-09-19,GPE_Linux_booting,,,image/jpeg,2104,https://pivotce.com/files/2014/09/GPE_Linux_booting.jpg,images/files/2014/09/GPE_Linux_booting.jpg,yes,ok
2110,2014-09-19,Qtopia_running_Zire72,,,image/jpeg,2104,https://pivotce.com/files/2014/09/Qtopia_running_Zire72.jpg,images/files/2014/09/Qtopia_running_Zire72.jpg,yes,ok
2112,2014-09-19,PrewareShot,,,image/png,2104,https://pivotce.com/files/2014/09/PrewareShot.png,images/files/2014/09/PrewareShot.png,variant,ok
2127,2014-09-21,helpwantedheader,,,image/jpeg,2123,https://pivotce.com/files/2014/09/helpwantedheader.jpg,images/files/2014/09/helpwantedheader.jpg,yes,ok
2168,2014-10-02,lg_2.jpg,,,image/png,2162,https://pivotce.com/files/2014/10/lg_2.jpg.png,images/files/2014/10/lg_2.jpg.png,yes,ok
2180,2014-10-03,antoccinoheader,,,image/jpeg,2178,https://pivotce.com/files/2014/10/antoccinoheader.jpg,images/files/2014/10/antoccinoheader.jpg,yes,ok
2209,2014-10-10,Chicago_webOS_1,Image: George Mari,"From left: Sara, Chad, Keith and Marc. (Not pictured - George)",image/jpeg,,https://pivotce.com/files/2014/10/Chicago_webOS_1.jpg,images/files/2014/10/Chicago_webOS_1.jpg,yes,ok
2210,2014-10-10,Chicago_webOS_2,Image: George Mari,"A tradition of ours - we try to take a picture of all of the webOS devices everyone brought to the Meetup, and this time was no exception.",image/jpeg,2207,https://pivotce.com/files/2014/10/Chicago_webOS_2.jpg,images/files/2014/10/Chicago_webOS_2.jpg,yes,ok
2238,2014-10-16,webosshutdown,,,image/png,2236,https://pivotce.com/files/2014/10/webosshutdown.png,images/files/2014/10/webosshutdown.png,yes,ok
2245,2014-10-16,hpemail,HP Email to Devs,HP Email to Devs,image/png,2236,https://pivotce.com/files/2014/10/hpemail.png,images/files/2014/10/hpemail.png,yes,ok
2249,2014-10-17,Día_de_los_Muertos-webOS,Image: stereogab,Day of the Dead Skulls,image/jpeg,,https://pivotce.com/files/2014/10/Día_de_los_Muertos-webOS.jpg,images/files/2014/10/D_a_de_los_Muertos-webOS.jpg,yes,ok
2282,2014-10-21,firstuse_2014-20-10_203941,,,image/png,2200,https://pivotce.com/files/2014/10/firstuse_2014-20-10_203941.png,images/files/2014/10/firstuse_2014-20-10_203941.png,yes,ok
2283,2014-10-21,guidecomingbackheader,,,image/jpeg,2200,https://pivotce.com/files/2014/10/guidecomingbackheader.jpg,images/files/2014/10/guidecomingbackheader.jpg,yes,ok
2284,2014-10-21,wifi_2014-20-10_213230,,,image/png,2200,https://pivotce.com/files/2014/10/wifi_2014-20-10_213230.png,images/files/2014/10/wifi_2014-20-10_213230.png,yes,ok
2286,2014-10-21,Unknown_2014-20-10_213831,,,image/png,2200,https://pivotce.com/files/2014/10/Unknown_2014-20-10_213831.png,images/files/2014/10/Unknown_2014-20-10_213831.png,yes,ok
2287,2014-10-21,devmodeswitcher_2014-20-10_213843,,,image/png,2200,https://pivotce.com/files/2014/10/devmodeswitcher_2014-20-10_213843.png,images/files/2014/10/devmodeswitcher_2014-20-10_213843.png,yes,ok
2288,2014-10-21,wosqi,,,image/png,2200,https://pivotce.com/files/2014/10/wosqi.png,images/files/2014/10/wosqi.png,yes,ok
2289,2014-10-21,preware_2014-20-10_213512,,,image/png,2200,https://pivotce.com/files/2014/10/preware_2014-20-10_213512.png,images/files/2014/10/preware_2014-20-10_213512.png,yes,ok
2290,2014-10-21,findapps_2014-20-10_214842,,,image/png,2200,https://pivotce.com/files/2014/10/findapps_2014-20-10_214842.png,images/files/2014/10/findapps_2014-20-10_214842.png,yes,ok
2306,2014-10-29,Closing_Down,The HP webOS app catalogue closes to purchases.,The HP webOS app catalogue closes to purchases on the 1st of November 2014,image/png,2295,https://pivotce.com/files/2014/10/Closing_Down.png,images/files/2014/10/Closing_Down.png,yes,ok
2333,2014-11-01,blackeyeheader,,,image/jpeg,2318,https://pivotce.com/files/2014/10/blackeyeheader.jpg,images/files/2014/10/blackeyeheader.jpg,yes,ok
2335,2014-11-01,LuneOS First Use,The new first use application in action.,,image/jpeg,2318,https://pivotce.com/files/2014/11/LuneOS-First-Use.jpg,images/files/2014/11/LuneOS-First-Use.jpg,yes,ok
2344,2014-11-02,Logs,,,image/png,2205,https://pivotce.com/files/2014/10/collectlogs_2014-01-11_213855.png,images/files/2014/10/collectlogs_2014-01-11_213855.png,yes,ok
2345,2014-11-02,Govnah,,,image/png,2205,https://pivotce.com/files/2014/10/govnah_2014-01-11_215510.png,images/files/2014/10/govnah_2014-01-11_215510.png,yes,ok
2346,2014-11-02,Patches,,,image/png,2205,https://pivotce.com/files/2014/10/preware_2014-01-11_215012.png,images/files/2014/10/preware_2014-01-11_215012.png,variant,ok
2347,2014-11-02,Uberkernel,,,image/png,2205,https://pivotce.com/files/2014/10/preware_2014-01-11_215431.png,images/files/2014/10/preware_2014-01-11_215431.png,yes,ok
2348,2014-11-02,Tweaks,,,image/png,2205,https://pivotce.com/files/2014/10/tweaks_2014-01-11_214232.png,images/files/2014/10/tweaks_2014-01-11_214232.png,yes,ok
2350,2014-11-02,comingbackwebos,,,image/jpeg,2205,https://pivotce.com/files/2014/11/comingbackwebos.jpg,images/files/2014/11/comingbackwebos.jpg,yes,ok
2377,2014-11-11,Google_Calendar2,Use CalDAV from the 17th to access Google Calendar,Use CalDAV from the 17th to access Google Calendar,image/png,2365,https://pivotce.com/files/2014/11/Google_Calendar21.png,images/files/2014/11/Google_Calendar21.png,yes,ok
2420,2014-11-23,Final setup and cable,I made the hole for the cable with the soldering iron. Not elegant but you can’t see it.,,image/jpeg,2363,https://pivotce.com/files/2014/11/PA258149-Medium.jpg,images/files/2014/11/PA258149-Medium.jpg,yes,ok
2421,2014-11-23,What cable!?,I really like how the cable turned out. Nice and hidden.,,image/jpeg,2363,https://pivotce.com/files/2014/11/PA258152-Medium.jpg,images/files/2014/11/PA258152-Medium.jpg,yes,ok
2423,2014-11-23,Almost done the first time,I thought it was done! But 4 magnets just weren’t strong enough. I could bump the touchstone off or take the whole thing off when removing the phone.,,image/jpeg,2363,https://pivotce.com/files/2014/11/PA207993-Medium.jpg,images/files/2014/11/PA207993-Medium.jpg,yes,ok
2424,2014-11-23,Final setup,This is the final setup with 8 magnets set higher. The holder arms are adjustable.,,image/jpeg,2363,https://pivotce.com/files/2014/11/PA258153-Medium.jpg,images/files/2014/11/PA258153-Medium.jpg,yes,ok
2425,2014-11-23,Rotates,It even rotates! This was kind of an after thought but I use nDrive beta on my Pre3 and it looks a lot better in landscape.,,image/jpeg,2363,https://pivotce.com/files/2014/11/PA208001-Medium.jpg,images/files/2014/11/PA208001-Medium.jpg,yes,ok
2427,2014-11-23,Add-A-Fuse,Here’s my add-a-fuse and circuit breaker in my car. Pretty simple.,,image/jpeg,2363,https://pivotce.com/files/2014/11/PA207998-Medium.jpg,images/files/2014/11/PA207998-Medium.jpg,yes,ok
2428,2014-11-23,8 Magnets on the Holder,I actually removed the first 4 magnets and moved all of them up to give the Pre3 more room. The bottom of the Pre3 and Pixi rest ever so slightly onto the two extension feet of the holder.,,image/jpeg,2363,https://pivotce.com/files/2014/11/PA258148-Medium.jpg,images/files/2014/11/PA258148-Medium.jpg,yes,ok
2429,2014-11-23,First full Setup,You can’t tell but this is the first complete setup with 4 magnets. They were too low and didn’t give the Pre3 enough room. Looked good though without the Pre3 on it!,,image/jpeg,2363,https://pivotce.com/files/2014/11/PA207991-Medium.jpg,images/files/2014/11/PA207991-Medium.jpg,yes,ok
2430,2014-11-23,My View,It clears my turn signal easily by 2-3 inches. I can see it clearly but it’s not distracting.,,image/jpeg,2363,https://pivotce.com/files/2014/11/PA208000-Medium.jpg,images/files/2014/11/PA208000-Medium.jpg,yes,ok
2431,2014-11-23,OLYMPUS DIGITAL CAMERA,,,image/jpeg,2363,https://pivotce.com/files/2014/11/PA207992-Medium.jpg,images/files/2014/11/PA207992-Medium.jpg,yes,ok
2432,2014-11-23,Finished Product,Sporting my Pre2 the day I was done with the project. Looks great!,,image/jpeg,2363,https://pivotce.com/files/2014/11/PA207999-Medium-e1416711073347.jpg,images/files/2014/11/PA207999-Medium-e1416711073347.jpg,yes,ok
2433,2014-11-23,8 Magnets,The final look with 8 magnets.,,image/jpeg,2363,https://pivotce.com/files/2014/11/PA258147-Medium.jpg,images/files/2014/11/PA258147-Medium.jpg,yes,ok
2434,2014-11-23,Ground,A look at the final ground setup.,,image/jpeg,2363,https://pivotce.com/files/2014/11/PA258146-Medium-e1416711091725.jpg,images/files/2014/11/PA258146-Medium-e1416711091725.jpg,yes,ok
2435,2014-11-23,TS Bottom,Here you can see the cut I made pretty well. This cleared out room for the angled cable. It’s an early attempt with only 4 magnets.,,image/jpeg,2363,https://pivotce.com/files/2014/11/PA207994-Medium.jpg,images/files/2014/11/PA207994-Medium.jpg,yes,ok
2436,2014-11-23,In sunlight,With the holder so close to the window it was important to see how it would look in direct sunlight. I think it’s doing great.,,image/jpeg,2363,https://pivotce.com/files/2014/11/PA258156-Medium-e1416711052702.jpg,images/files/2014/11/PA258156-Medium-e1416711052702.jpg,yes,ok
2437,2014-11-23,Angled Cable,An early look at the setup where you can see only 4 magnets on the holder. Angled cable ready to go.,,image/jpeg,2363,https://pivotce.com/files/2014/11/PA207996-Medium.jpg,images/files/2014/11/PA207996-Medium.jpg,yes,ok
2438,2014-11-23,TS Back,Here’s an early look at the back. Still has 4 magnets but I’d made the cut to fit the cable already.,,image/jpeg,2363,https://pivotce.com/files/2014/11/PA207995-Medium.jpg,images/files/2014/11/PA207995-Medium.jpg,yes,ok
2440,2014-11-23,touchstonecar,,,image/jpeg,2363,https://pivotce.com/files/2014/11/touchstonecar.jpg,images/files/2014/11/touchstonecar.jpg,yes,ok
2454,2014-12-01,blacktieluneos2,,,image/jpeg,2450,https://pivotce.com/files/2014/11/blacktieluneos2.jpg,images/files/2014/11/blacktieluneos2.jpg,yes,ok
2457,2014-12-01,wosqi,,,image/jpeg,1994,https://pivotce.com/files/2014/08/wosqi.jpg,images/files/2014/08/wosqi.jpg,yes,ok
2465,2014-12-02,ipksaveheader,,,image/jpeg,2352,https://pivotce.com/files/2014/12/ipksaveheader.jpg,images/files/2014/12/ipksaveheader.jpg,yes,ok
2471,2014-12-02,WOSQI,,,image/png,2352,https://pivotce.com/files/2014/12/WOSQI.png,images/files/2014/12/WOSQI.png,yes,ok
2473,2014-12-02,Apps,,,image/png,2352,https://pivotce.com/files/2014/12/Apps.png,images/files/2014/12/Apps.png,yes,ok
2474,2014-12-02,enyo-findapps_2014-01-11_234807,,,image/png,2352,https://pivotce.com/files/2014/12/enyo-findapps_2014-01-11_234807.png,images/files/2014/12/enyo-findapps_2014-01-11_234807.png,yes,ok
2475,2014-12-02,Unknown_2014-01-11_232905,,,image/png,2352,https://pivotce.com/files/2014/12/Unknown_2014-01-11_232905.png,images/files/2014/12/Unknown_2014-01-11_232905.png,yes,ok
2478,2014-12-02,Delete,,,image/png,2352,https://pivotce.com/files/2014/12/Delete.png,images/files/2014/12/Delete.png,yes,ok
2505,2014-12-15,accuweather-hero,,,image/jpeg,2504,https://pivotce.com/files/2014/12/accuweather-hero.jpg,images/files/2014/12/accuweather-hero.jpg,yes,ok
2509,2014-12-15,Oysterpail,App Take out,Takeout,image/jpeg,2395,https://pivotce.com/files/2014/12/Oysterpail.jpg,images/files/2014/12/Oysterpail.jpg,yes,ok
2539,2014-12-19,oldskool,,,image/png,2513,https://pivotce.com/files/2014/12/oldskool.png,images/files/2014/12/oldskool.png,yes,ok
2540,2014-12-19,josh,,,image/png,2513,https://pivotce.com/files/2014/12/josh.png,images/files/2014/12/josh.png,yes,ok
2543,2014-12-19,Result,,,image/png,2395,https://pivotce.com/files/2014/12/Result.png,images/files/2014/12/Result.png,yes,ok
2554,2015-01-03,devicestack,,,image/jpeg,2551,https://pivotce.com/files/2015/01/devicestack.jpg,images/files/2015/01/devicestack.jpg,yes,ok
2567,2015-01-06,LGCES2015,Mr Tim Alessi presenting the new range of webOS TVs for 2015,Mr Tim Alessi presenting the new range of webOS TVs for 2015,image/jpeg,2561,https://pivotce.com/files/2015/01/LGCES20151.jpg,images/files/2015/01/LGCES20151.jpg,yes,ok
2583,2015-01-07,tcl,Palm joins TCL,Palm joins TCL,image/jpeg,2577,https://pivotce.com/files/2015/01/tcl.jpg,images/files/2015/01/tcl.jpg,yes,ok
2591,2015-01-08,watch,,,image/jpeg,2590,https://pivotce.com/files/2015/01/watch.jpg,images/files/2015/01/watch.jpg,yes,ok
2603,2015-01-09,breve,,,image/png,2600,https://pivotce.com/files/2015/01/breve.png,images/files/2015/01/breve.png,yes,ok
2617,2015-01-09,Telephony Settings,,,image/png,2600,https://pivotce.com/files/2015/01/Telephony-Settings.png,images/files/2015/01/Telephony-Settings.png,no,ok
2618,2015-01-09,Browser Cell Data,,,image/png,2600,https://pivotce.com/files/2015/01/Browser-Cell-Data.png,images/files/2015/01/Browser-Cell-Data.png,no,ok
2619,2015-01-09,Data Showing,,,image/png,2600,https://pivotce.com/files/2015/01/Data-Showing.png,images/files/2015/01/Data-Showing.png,no,ok
2620,2015-01-09,GPS Lock,,,image/jpeg,2600,https://pivotce.com/files/2015/01/GPS-Lock.jpg,images/files/2015/01/GPS-Lock.jpg,no,ok
2628,2015-01-13,HP_Departure_Lounge,No rush to leave HP. Original image by: Michal Osmenda,No rush to leave HP,image/jpeg,2576,https://pivotce.com/files/2015/01/HP_Departure_Lounge.jpg,images/files/2015/01/HP_Departure_Lounge.jpg,yes,ok
2639,2015-01-13,Breaking,,,image/png,,https://pivotce.com/files/2015/01/Breaking.png,images/files/2015/01/Breaking.png,yes,ok
2640,2015-01-13,Flash,,,image/png,,https://pivotce.com/files/2015/01/Flash.png,images/files/2015/01/Flash.png,yes,ok
2644,2015-01-21,5345372612_d3d436d160_b,,,image/jpeg,2642,https://pivotce.com/files/2015/01/5345372612_d3d436d160_b.jpg,images/files/2015/01/5345372612_d3d436d160_b.jpg,no,ok
2653,2015-02-04,20150121215722,,,image/png,2650,https://pivotce.com/files/2015/02/20150121215722.png,images/files/2015/02/20150121215722.png,yes,ok
2654,2015-02-04,20150121215708,,,image/png,2650,https://pivotce.com/files/2015/02/20150121215708.png,images/files/2015/02/20150121215708.png,yes,ok
2655,2015-02-04,20150121215711,,,image/png,2650,https://pivotce.com/files/2015/02/20150121215711.png,images/files/2015/02/20150121215711.png,yes,ok
2656,2015-02-04,20150131124926,,,image/png,2650,https://pivotce.com/files/2015/02/20150131124926.png,images/files/2015/02/20150131124926.png,yes,ok
2657,2015-02-04,20150204192430,,,image/png,2650,https://pivotce.com/files/2015/02/20150204192430.png,images/files/2015/02/20150204192430.png,yes,ok
2659,2015-02-04,20150204194755,,,image/png,2650,https://pivotce.com/files/2015/02/20150204194755.png,images/files/2015/02/20150204194755.png,yes,ok
2661,2015-02-04,cafeamericano,,,image/jpeg,2650,https://pivotce.com/files/2015/02/cafeamericano.jpg,images/files/2015/02/cafeamericano.jpg,yes,ok
2683,2015-02-27,LG Urbane LTE,,LG Urbane LTE,image/png,2682,https://pivotce.com/files/2015/02/watch.png,images/files/2015/02/watch.png,yes,ok
2686,2015-02-27,Audi webOS Watch,Shown this year at CES,Audi webOS Watch,image/png,2682,https://pivotce.com/files/2015/02/watch2.png,images/files/2015/02/watch2.png,variant,ok
2688,2015-02-27,InspectorGadget,,,image/jpeg,2682,https://pivotce.com/files/2015/02/InspectorGadget.jpg,images/files/2015/02/InspectorGadget.jpg,variant,ok
2705,2015-03-05,stlouisbanner,,,image/jpeg,2697,https://pivotce.com/files/2015/03/stlouisbanner.jpg,images/files/2015/03/stlouisbanner.jpg,yes,ok
2713,2015-03-05,Fix_Yahoo,Fix Yahoo mail,Fix Yahoo mail,image/png,2706,https://pivotce.com/files/2015/03/Fix_Yahoo.png,images/files/2015/03/Fix_Yahoo.png,yes,ok
2717,2015-03-08,Pi Pizzeria,,,image/jpeg,2697,https://pivotce.com/files/2015/03/pi.jpg,images/files/2015/03/pi.jpg,yes,ok
2734,2015-03-12,hpdoor,,,image/jpeg,2298,https://pivotce.com/files/2015/03/hpdoor.jpg,images/files/2015/03/hpdoor.jpg,yes,ok
2756,2015-03-31,tcl01042015,,,image/jpeg,2753,https://pivotce.com/files/2015/03/tcl01042015.jpg,images/files/2015/03/tcl01042015.jpg,yes,ok
2764,2015-04-02,facebook,,,image/jpeg,2745,https://pivotce.com/files/2015/04/facebook.jpg,images/files/2015/04/facebook.jpg,no,ok
2765,2015-04-02,facebook2,,,image/jpeg,2745,https://pivotce.com/files/2015/04/facebook2.jpg,images/files/2015/04/facebook2.jpg,yes,ok
2768,2015-04-02,PalmPilot,,,image/jpeg,2767,https://pivotce.com/files/2015/04/PalmPilot.jpg,images/files/2015/04/PalmPilot.jpg,yes,ok
2775,2015-04-04,facebookLarge,Facebook app not syncing,Can the app be fixed?,image/png,2745,https://pivotce.com/files/2015/04/facebookLarge.png,images/files/2015/04/facebookLarge.png,yes,ok
2799,2015-04-08,aulaitheader-1024×576,,,image/jpeg,2795,https://pivotce.com/files/2015/04/aulaitheader-1024x576.jpg,images/files/2015/04/aulaitheader-1024x576.jpg,yes,ok
2805,2015-04-09,DSC01471,,,image/jpeg,2804,https://pivotce.com/files/2015/04/DSC01471.jpg,images/files/2015/04/DSC01471.jpg,yes,ok
2809,2015-04-09,26,I think it turned out pretty great!,,image/jpeg,2804,https://pivotce.com/files/2015/04/10838057_10155377074465191_4901126474371327667_o.jpg,images/files/2015/04/10838057_10155377074465191_4901126474371327667_o.jpg,yes,ok
2810,2015-04-09,1,The original plan.,,image/jpeg,2804,https://pivotce.com/files/2015/04/10860993_10155377068575191_2717037939062808454_o.jpg,images/files/2015/04/10860993_10155377068575191_2717037939062808454_o.jpg,yes,ok
2811,2015-04-09,22,The top layer with everything inside.,,image/jpeg,2804,https://pivotce.com/files/2015/04/11103219_10155377073055191_5079425937654843563_o.jpg,images/files/2015/04/11103219_10155377073055191_5079425937654843563_o.jpg,yes,ok
2812,2015-04-09,Inside back,,,image/jpeg,2804,https://pivotce.com/files/2015/04/11043431_10155309962615191_4699899995116607714_o.jpg,images/files/2015/04/11043431_10155309962615191_4699899995116607714_o.jpg,yes,ok
2813,2015-04-09,Rear,,,image/jpeg,2804,https://pivotce.com/files/2015/04/1504558_10155301910450191_2500781438964075021_n.jpg,images/files/2015/04/1504558_10155301910450191_2500781438964075021_n.jpg,yes,ok
2814,2015-04-09,Front,,,image/jpeg,2804,https://pivotce.com/files/2015/04/1505615_10155301910600191_6140560128919418843_n.jpg,images/files/2015/04/1505615_10155301910600191_6140560128919418843_n.jpg,yes,ok
2817,2015-04-09,Should have grabbed a screenshot,,,image/jpeg,2804,https://pivotce.com/files/2015/04/988949_10155301910620191_8485896675966262726_n.jpg,images/files/2015/04/988949_10155301910620191_8485896675966262726_n.jpg,yes,ok
2832,2015-04-16,6,Trying to get those years old curves out was near impossible! Two part glue helped.,,image/jpeg,2831,https://pivotce.com/files/2015/04/6.jpg,images/files/2015/04/6.jpg,yes,ok
2833,2015-04-16,7,Gluing the case was the most difficult part.,,image/jpeg,2831,https://pivotce.com/files/2015/04/7.jpg,images/files/2015/04/7.jpg,yes,ok
2834,2015-04-16,7a,Wahlah! The top and bottom are almost done.,,image/jpeg,2831,https://pivotce.com/files/2015/04/7a.jpg,images/files/2015/04/7a.jpg,yes,ok
2835,2015-04-16,8,Cut the cardboard layer and I traced these phones into position.,,image/jpeg,2831,https://pivotce.com/files/2015/04/8.jpg,images/files/2015/04/8.jpg,yes,ok
2836,2015-04-16,9a,"The day after I finished, my son pulled it off a shelf splitting this corner. This is my fix for it.",,image/jpeg,2831,https://pivotce.com/files/2015/04/9a.jpg,images/files/2015/04/9a.jpg,yes,ok
2837,2015-04-16,10,This was tedious. If I had to do it over I would layer cardboard and dremel it out!,,image/jpeg,2831,https://pivotce.com/files/2015/04/10.jpg,images/files/2015/04/10.jpg,yes,ok
2838,2015-04-16,11,I added a separate layer for the bottom and use bubble wrap for added cushion.,,image/jpeg,2831,https://pivotce.com/files/2015/04/11.jpg,images/files/2015/04/11.jpg,yes,ok
2839,2015-04-16,12,Cutting out the felt.,,image/jpeg,2831,https://pivotce.com/files/2015/04/12.jpg,images/files/2015/04/12.jpg,yes,ok
2840,2015-04-16,13,Almost time to glue.,,image/jpeg,2831,https://pivotce.com/files/2015/04/13.jpg,images/files/2015/04/13.jpg,yes,ok
2841,2015-04-16,14,Starting to get the bottom covered in felt.,,image/jpeg,2831,https://pivotce.com/files/2015/04/14.jpg,images/files/2015/04/14.jpg,yes,ok
2842,2015-04-16,15,The bottom is done.,,image/jpeg,2831,https://pivotce.com/files/2015/04/15.jpg,images/files/2015/04/15.jpg,yes,ok
2843,2015-04-16,16,Early magnet layout and top layer design.,,image/jpeg,2831,https://pivotce.com/files/2015/04/16.jpg,images/files/2015/04/16.jpg,yes,ok
2844,2015-04-16,17,The revised magnets in the top layer. Finished the tablet felt.,,image/jpeg,2831,https://pivotce.com/files/2015/04/17.jpg,images/files/2015/04/17.jpg,yes,ok
2845,2015-04-16,18,How it looks closed. I think it retains the character of the original beat up guitar case.,,image/jpeg,2831,https://pivotce.com/files/2015/04/P3278951.jpg,images/files/2015/04/P3278951.jpg,yes,ok
2846,2015-04-16,19,You can see the pop riveted hinges. The hinges are the same ones from the bass case. I tried to use everything I could from the original.,,image/jpeg,2831,https://pivotce.com/files/2015/04/P3278952.jpg,images/files/2015/04/P3278952.jpg,yes,ok
2847,2015-04-16,20,How it looks when you open the case.,,image/jpeg,2831,https://pivotce.com/files/2015/04/P3278954.jpg,images/files/2015/04/P3278954.jpg,yes,ok
2848,2015-04-16,21,Empty top layer.,,image/jpeg,2831,https://pivotce.com/files/2015/04/P3278955.jpg,images/files/2015/04/P3278955.jpg,yes,ok
2849,2015-04-16,23,The top layer finished and out of the case. You can see the pull tabs I added on the left and right to pull it out of the case.,,image/jpeg,2831,https://pivotce.com/files/2015/04/P3278957.jpg,images/files/2015/04/P3278957.jpg,yes,ok
2850,2015-04-16,24,You can see the cut up shoe string I used for pull tabs to get the phones out.,,image/jpeg,2831,https://pivotce.com/files/2015/04/P3278958.jpg,images/files/2015/04/P3278958.jpg,yes,ok
2851,2015-04-16,25,Finished bottom layer in the case.,,image/jpeg,2831,https://pivotce.com/files/2015/04/P3278959.jpg,images/files/2015/04/P3278959.jpg,yes,ok
2852,2015-04-16,2,An early thought on the phones I would use.,,image/jpeg,2831,https://pivotce.com/files/2015/04/2.jpg,images/files/2015/04/2.jpg,yes,ok
2853,2015-04-16,3,Getting a rectangle from that shape was trying. Printer paper helped.,,image/jpeg,2831,https://pivotce.com/files/2015/04/3.jpg,images/files/2015/04/3.jpg,yes,ok
2854,2015-04-16,4,Top cut out,,image/jpeg,2831,https://pivotce.com/files/2015/04/4.jpg,images/files/2015/04/4.jpg,yes,ok
2855,2015-04-16,5,Top and bottom cut out,,image/jpeg,2831,https://pivotce.com/files/2015/04/5.jpg,images/files/2015/04/5.jpg,yes,ok
2881,2015-04-17,preware_catalog_featured_image,,,image/png,2875,https://pivotce.com/files/2015/04/preware_catalog_featured_image.png,images/files/2015/04/preware_catalog_featured_image.png,yes,ok
2894,2015-04-21,YouTube,,,image/png,2893,https://pivotce.com/files/2015/04/youtube.png,images/files/2015/04/youtube.png,yes,ok
2898,2015-04-21,youtube,,,image/png,2893,https://pivotce.com/files/2015/04/youtube1.png,images/files/2015/04/youtube1.png,yes,ok
2909,2015-04-22,pivotcepreware,,,image/jpeg,2642,https://pivotce.com/files/2015/04/pivotcepreware.jpg,images/files/2015/04/pivotcepreware.jpg,yes,ok
2913,2015-04-24,webos2,,,image/jpeg,2912,https://pivotce.com/files/2015/04/webos2.jpg,images/files/2015/04/webos2.jpg,yes,ok
2924,2015-05-03,Chicago,Image: Sergey Gabdurakhmanov,Chicago,image/jpeg,2919,https://pivotce.com/files/2015/05/Chicago.jpg,images/files/2015/05/Chicago.jpg,yes,ok
2947,2015-05-05,bombonfeatured,,,image/jpeg,2937,https://pivotce.com/files/2015/05/bombonfeatured.jpg,images/files/2015/05/bombonfeatured.jpg,yes,ok
2953,2015-05-06,desktopbeta,,,image/png,2952,https://pivotce.com/files/2015/05/desktopbeta.png,images/files/2015/05/desktopbeta.png,yes,ok
2980,2015-05-18,palmstammtischb_header,,,image/png,,https://pivotce.com/files/2015/05/palmstammtischb_header.png,images/files/2015/05/palmstammtischb_header.png,no,ok
3003,2015-06-03,2014-04-04 14.55.57,,,image/jpeg,3001,https://pivotce.com/files/2015/06/2014-04-04-14.55.57.jpg,images/files/2015/06/2014-04-04-14.55.57.jpg,yes,ok
3004,2015-06-03,Capture,,,image/png,3001,https://pivotce.com/files/2015/06/Capture.png,images/files/2015/06/Capture.png,variant,ok
3013,2015-06-05,cubano,,,image/jpeg,3007,https://pivotce.com/files/2015/06/cubano.jpg,images/files/2015/06/cubano.jpg,yes,ok
3030,2015-06-07,ImageHP16,The HP of HP & webOS,HP Servers are gone,image/png,2252,https://pivotce.com/files/2015/06/ImageHP16.png,images/files/2015/06/ImageHP16.png,yes,ok
3040,2015-06-11,hp_webos_2-1_accounts2,,,image/png,3039,https://pivotce.com/files/2015/06/hp_webos_2-1_accounts2.png,images/files/2015/06/hp_webos_2-1_accounts2.png,variant,ok
3050,2015-06-15,637x414xsshot20100831205149.png.pagespeed.ic.X1hUmP29Dr,,,image/png,3049,https://pivotce.com/files/2015/06/637x414xsshot20100831205149.png.pagespeed.ic_.X1hUmP29Dr.png,images/files/2015/06/637x414xsshot20100831205149.png.pagespeed.ic_.X1hUmP29Dr.png,yes,ok
3056,2015-06-16,,,,image/jpeg,3055,https://pivotce.com/files/2015/06/youtube.jpg,images/files/2015/06/youtube.jpg,yes,ok
3063,2015-06-17,vnc,,,image/jpeg,3062,https://pivotce.com/files/2015/06/vnc.jpg,images/files/2015/06/vnc.jpg,yes,ok
3067,2015-06-18,jolla-app-grid-fixed,,,image/jpeg,3066,https://pivotce.com/files/2015/06/jolla-app-grid-fixed.jpg,images/files/2015/06/jolla-app-grid-fixed.jpg,yes,ok
3084,2015-06-24,"Airport_Flyover,_Brisbane",Image: Kgbo,Bypass Activation,image/jpeg,3080,https://pivotce.com/files/2015/06/Airport_Flyover_Brisbane.jpg,images/files/2015/06/Airport_Flyover_Brisbane.jpg,yes,ok
3108,2015-07-25,forward1,,,image/png,3107,https://pivotce.com/files/2015/07/forward1.png,images/files/2015/07/forward1.png,yes,ok
3109,2015-07-25,forward2,,,image/png,3107,https://pivotce.com/files/2015/07/forward2.png,images/files/2015/07/forward2.png,yes,ok
3110,2015-07-25,forward3,,,image/png,3107,https://pivotce.com/files/2015/07/forward3.png,images/files/2015/07/forward3.png,yes,ok
3111,2015-07-25,forward4,,,image/png,3107,https://pivotce.com/files/2015/07/forward4.png,images/files/2015/07/forward4.png,no,ok
3112,2015-07-25,forward5,,,image/png,3107,https://pivotce.com/files/2015/07/forward5.png,images/files/2015/07/forward5.png,yes,ok
3113,2015-07-25,forward6,,,image/png,3107,https://pivotce.com/files/2015/07/forward6.png,images/files/2015/07/forward6.png,yes,ok
3114,2015-07-25,preware_2015-17-07_025203,,,image/png,3107,https://pivotce.com/files/2015/07/preware_2015-17-07_025203.png,images/files/2015/07/preware_2015-17-07_025203.png,yes,ok
3115,2015-07-25,email_2015-17-07_025329,,,image/png,3107,https://pivotce.com/files/2015/07/email_2015-17-07_025329.png,images/files/2015/07/email_2015-17-07_025329.png,yes,ok
3118,2015-07-25,gmailheader,,,image/png,3107,https://pivotce.com/files/2015/07/gmailheader.png,images/files/2015/07/gmailheader.png,yes,ok
3120,2015-07-25,exclamation_alert,,,image/png,3107,https://pivotce.com/files/2015/07/exclamation_alert.png,images/files/2015/07/exclamation_alert.png,yes,ok
3124,2015-07-25,email_2015-17-07_031248edit,,,image/png,3107,https://pivotce.com/files/2015/07/email_2015-17-07_031248edit.png,images/files/2015/07/email_2015-17-07_031248edit.png,yes,ok
3137,2015-08-03,ebladepoker_sml,,,image/jpeg,3130,https://pivotce.com/files/2015/08/ebladepoker_sml.jpeg,images/files/2015/08/ebladepoker_sml.jpeg,yes,ok
3161,2015-08-05,LuneOS_homescreen,LuneOS Homescreen: Bet you haven’t seen this before!,LuneOS Homescreen: Bet you haven't seen this before!,image/png,3097,https://pivotce.com/files/2015/08/LuneOS_homescreen.png,images/files/2015/08/LuneOS_homescreen.png,yes,ok
3162,2015-08-05,only-six-apps,Not all hands can count how many apps Preware on LuneOS has. But some can.,Not all hands can count how many apps Preware on LuneOS has. But some can.,image/png,3097,https://pivotce.com/files/2015/08/only-six-apps.png,images/files/2015/08/only-six-apps.png,yes,ok
3163,2015-08-05,browsercomparison,"Above: The pivotCE website loaded on webOS. Below, the same site on LuneOS. Notice the missing icons.","Above: The pivotCE website loaded on webOS. Below, the same site on LuneOS. Notice the missing icons.",image/jpeg,3097,https://pivotce.com/files/2015/08/browsercomparison.jpeg,images/files/2015/08/browsercomparison.jpeg,yes,ok
3165,2015-08-05,LuneOSCafeCubano,LuneOS release: Cafe Cubano,LuneOS release: Cafe Cubano,image/png,,https://pivotce.com/files/2015/08/LuneOSCafeCubano.png,images/files/2015/08/LuneOSCafeCubano.png,yes,ok
3180,2015-08-16,crema,,,image/jpeg,3176,https://pivotce.com/files/2015/08/crema.jpg,images/files/2015/08/crema.jpg,yes,ok
3186,2015-08-20,preware_birthday_2015-20-08_235940,Happy Birthday Preware,Happy Birthday Preware,image/png,,https://pivotce.com/files/2015/08/preware_birthday_2015-20-08_235940.png,images/files/2015/08/preware_birthday_2015-20-08_235940.png,yes,ok
3199,2015-08-31,n4,,,image/png,3197,https://pivotce.com/files/2015/08/n4.png,images/files/2015/08/n4.png,yes,ok
3210,2015-09-07,ollaheader,,,image/jpeg,3202,https://pivotce.com/files/2015/09/ollaheader.jpg,images/files/2015/09/ollaheader.jpg,yes,ok
3215,2015-09-09,1,,,image/png,3214,https://pivotce.com/files/2015/09/1.png,images/files/2015/09/1.png,yes,ok
3216,2015-09-09,2,,,image/png,3214,https://pivotce.com/files/2015/09/2.png,images/files/2015/09/2.png,yes,ok
3217,2015-09-09,3,,,image/png,3214,https://pivotce.com/files/2015/09/3.png,images/files/2015/09/3.png,yes,ok
3218,2015-09-09,cert,,,image/png,3214,https://pivotce.com/files/2015/09/cert.png,images/files/2015/09/cert.png,yes,ok
3235,2015-09-12,luneosupdate,The Update script in action,The Update script in action,image/jpeg,3226,https://pivotce.com/files/2015/09/luneosupdate.jpeg,images/files/2015/09/luneosupdate.jpeg,yes,ok
3259,2015-10-07,Caffe Latte Prague,Caffè Latte – now with QtWebengine. Image: Tamorlan (wikimedia.org),Caffe Latte - now with QtWebengineCaffè Latte - now with QtWebengine. Image: Tamorlan (wikimedia.org),image/jpeg,3246,https://pivotce.com/files/2015/10/Caffe-Latte-Prague.jpg,images/files/2015/10/Caffe-Latte-Prague.jpg,yes,ok
3273,2015-10-14,lunetube_2015-13-10a,The LuneTube app.,The LuneTube app.,image/png,3262,https://pivotce.com/files/2015/10/lunetube_2015-13-10a.png,images/files/2015/10/lunetube_2015-13-10a.png,yes,ok
3276,2015-10-14,lunetube_2015-14-10_062454,,,image/png,3262,https://pivotce.com/files/2015/10/lunetube_2015-14-10_062454.png,images/files/2015/10/lunetube_2015-14-10_062454.png,yes,ok
3293,2015-10-21,nexus-4-webos-theme,,,image/jpeg,3292,https://pivotce.com/files/2015/10/nexus-4-webos-theme.jpg,images/files/2015/10/nexus-4-webos-theme.jpg,yes,ok
3295,2015-10-21,privandroid-lsp,,,image/png,3292,https://pivotce.com/files/2015/10/privandroid-lsp.png,images/files/2015/10/privandroid-lsp.png,yes,ok
3302,2015-11-06,bugs,,,image/jpeg,,https://pivotce.com/files/2015/11/bugs.jpg,images/files/2015/11/bugs.jpg,yes,ok
3331,2015-11-26,wpid-img_20151126_125359_edit.jpg,,,image/jpeg,3332,https://pivotce.com/files/2015/11/wpid-img_20151126_125359_edit.jpg,images/files/2015/11/wpid-img_20151126_125359_edit.jpg,yes,ok
3334,2015-11-28,wpid-img_20151114_140552.jpg,,,image/jpeg,3335,https://pivotce.com/files/2015/11/wpid-img_20151114_140552.jpg,images/files/2015/11/wpid-img_20151114_140552.jpg,yes,ok
3340,2015-12-04,theoneill,,,image/jpeg,3339,https://pivotce.com/files/2015/12/for_alan.jpg,images/files/2015/12/for_alan.jpg,yes,ok
3342,2015-12-04,VP100_2,,,image/jpeg,3339,https://pivotce.com/files/2015/12/VP100_2.jpg,images/files/2015/12/VP100_2.jpg,yes,ok
3350,2015-12-08,roku,,,image/png,3349,https://pivotce.com/files/2015/12/roku.png,images/files/2015/12/roku.png,yes,ok
3351,2015-12-08,roku_square_logo,,,image/png,3349,https://pivotce.com/files/2015/12/roku_square_logo.png,images/files/2015/12/roku_square_logo.png,yes,ok
3366,2015-12-10,Marocchino,,,image/jpeg,3358,https://pivotce.com/files/2015/12/IMG_1753.jpg,images/files/2015/12/IMG_1753.jpg,yes,ok
3377,2015-12-11,early_access_t,,,image/gif,3374,https://pivotce.com/files/2015/12/early_access_t.gif,images/files/2015/12/early_access_t.gif,yes,ok
3382,2015-12-13,devicetool,,,image/png,3380,https://pivotce.com/files/2015/12/devicetool.png,images/files/2015/12/devicetool.png,yes,ok
3388,2015-12-13,siu,,,image/jpeg,3387,https://pivotce.com/files/2015/12/siu.jpeg,images/files/2015/12/siu.jpeg,yes,ok
3413,2015-12-25,LuneXmas,Merry Christmas,Merry Christmas,image/jpeg,,https://pivotce.com/files/2015/12/LuneXmas.jpg,images/files/2015/12/LuneXmas.jpg,yes,ok
3422,2015-12-29,top_20_TouchPad_Apps,,,image/png,3420,https://pivotce.com/files/2015/12/top_20_TouchPad_Apps.png,images/files/2015/12/top_20_TouchPad_Apps.png,yes,ok
3433,2016-01-06,LG_CES_2016,David VanderWaal and his hot product.,LG G6 at CES 2016,image/jpeg,3426,https://pivotce.com/files/2016/01/LG_CES_2016.jpg,images/files/2016/01/LG_CES_2016.jpg,yes,ok
3454,2016-01-14,Medici,Caffè Medici,Caffè Medici,image/jpeg,3443,https://pivotce.com/files/2016/01/Medici.jpg,images/files/2016/01/Medici.jpg,yes,ok
3456,2016-01-15,Miel1,Cafe Miel. Image: Steven Depolo.,Cafe Miel,image/jpeg,,https://pivotce.com/files/2016/01/Miel1.jpg,images/files/2016/01/Miel1.jpg,no,ok
3457,2016-01-15,Miel2,Cafe Miel. Image: Kyle Stern,Cafe Miel,image/jpeg,,https://pivotce.com/files/2016/01/Miel2.jpg,images/files/2016/01/Miel2.jpg,no,ok
3463,2016-01-26,Screenshot1,,,image/jpeg,3462,https://pivotce.com/files/2016/01/Screenshot1.jpg,images/files/2016/01/Screenshot1.jpg,yes,ok
3468,2016-01-27,lunetube,,,image/png,3467,https://pivotce.com/files/2016/01/lunetube.png,images/files/2016/01/lunetube.png,yes,ok
3474,2016-02-05,Cafe_Miel,Image: Preemptive,"LuneOS, Cafe Miel release",image/jpeg,,https://pivotce.com/files/2016/02/Cafe_Miel.jpg,images/files/2016/02/Cafe_Miel.jpg,yes,ok
3509,2016-02-29,Coffee_Milk,Image: Alex Mihis,LuneOS Coffee Milk release,image/jpeg,,https://pivotce.com/files/2016/02/Coffee_Milk.jpg,images/files/2016/02/Coffee_Milk.jpg,yes,ok
3524,2016-03-06,Foxcasts_on_LuneOS,Image: Starfield by Marc Van Norden: https://www.flickr.com/photos/mvannorden/8275081235 CC license. Screen shots from Choorp.,Foxcasts on webOS,image/jpeg,3523,https://pivotce.com/files/2016/03/Foxcasts_on_LuneOS.jpg,images/files/2016/03/Foxcasts_on_LuneOS.jpg,yes,ok
3551,2016-04-01,3.0.1,3.0.1,3.0.1,image/jpeg,3548,https://pivotce.com/files/2016/04/301.jpg,images/files/2016/04/301.jpg,yes,ok
3566,2016-04-07,Improvements,Closed for Improvements,Closed for Improvements,image/jpeg,3558,https://pivotce.com/files/2016/04/Improvements.jpg,images/files/2016/04/Improvements.jpg,yes,ok
3571,2016-04-07,Enyo27,Enyo.js 2.7,Enyo 2.7,image/jpeg,3553,https://pivotce.com/files/2016/04/Enyo27.jpg,images/files/2016/04/Enyo27.jpg,yes,ok
3576,2016-04-08,Chicago_Theatre,April in Chicago,April in Chicago,image/jpeg,3575,https://pivotce.com/files/2016/04/Chicago_Theatre.jpg,images/files/2016/04/Chicago_Theatre.jpg,yes,ok
3580,2016-04-19,LG_Friends,The LG Friends website. Image: LG,The LG Friends website,image/jpeg,3579,https://pivotce.com/files/2016/04/LG_Friends.jpg,images/files/2016/04/LG_Friends.jpg,yes,ok
3594,2016-04-21,160405073911-hp-new-logo-780×439,,,image/jpeg,3593,https://pivotce.com/files/2016/04/160405073911-hp-new-logo-780x439.jpg,images/files/2016/04/160405073911-hp-new-logo-780x439.jpg,yes,ok
3606,2016-05-07,LuneOS_Mocha,LuneOS Mocha release,LuneOS Mocha release,image/jpeg,,https://pivotce.com/files/2016/05/LuneOS_Mocha.jpg,images/files/2016/05/LuneOS_Mocha.jpg,yes,ok
3624,2016-05-17,Motorola-SPICE-Android-Phone-looks-just-like-the-Palm-Pre1,,,image/jpeg,3623,https://pivotce.com/files/2016/05/Motorola-SPICE-Android-Phone-looks-just-like-the-Palm-Pre1.jpg,images/files/2016/05/Motorola-SPICE-Android-Phone-looks-just-like-the-Palm-Pre1.jpg,yes,ok
3630,2016-06-01,Browser,,,image/jpeg,3628,https://pivotce.com/files/2016/06/browser_2010-03-12_193037-210-100.jpg,images/files/2016/06/browser_2010-03-12_193037-210-100.jpg,yes,ok
3634,2016-06-01,browser,,,image/png,3628,https://pivotce.com/files/2016/06/browser_2016-01-06_103956.png,images/files/2016/06/browser_2016-01-06_103956.png,yes,ok
3641,2016-06-02,e6le1twer1wbt3lpuycs_400x400,,,image/png,3640,https://pivotce.com/files/2016/06/e6le1twer1wbt3lpuycs_400x400.png,images/files/2016/06/e6le1twer1wbt3lpuycs_400x400.png,variant,ok
3642,2016-06-02,Cj7aDjdUgAAteaK,,,image/png,3640,https://pivotce.com/files/2016/06/Cj7aDjdUgAAteaK.png,images/files/2016/06/Cj7aDjdUgAAteaK.png,yes,ok
3652,2016-06-07,webosstuff,,,image/jpeg,3651,https://pivotce.com/files/2016/06/webosstuff.jpg,images/files/2016/06/webosstuff.jpg,yes,ok
3653,2016-06-07,mako,,,image/jpeg,3651,https://pivotce.com/files/2016/06/mako.jpg,images/files/2016/06/mako.jpg,yes,ok
3654,2016-06-07,windsornot,,,image/jpeg,3651,https://pivotce.com/files/2016/06/windsornot.jpg,images/files/2016/06/windsornot.jpg,yes,ok
3655,2016-06-07,tpgo,,,image/jpeg,3651,https://pivotce.com/files/2016/06/tpgo.jpg,images/files/2016/06/tpgo.jpg,yes,ok
3656,2016-06-07,whitetp,,,image/jpeg,3651,https://pivotce.com/files/2016/06/whitetp.jpg,images/files/2016/06/whitetp.jpg,yes,ok
3657,2016-06-07,4gtp,,,image/jpeg,3651,https://pivotce.com/files/2016/06/4gtp.jpg,images/files/2016/06/4gtp.jpg,yes,ok
3674,2016-06-16,LuneOS_Caffe_Tobio,LuneOS Caffè Tobio,LuneOS Caffè Tobio,image/png,,https://pivotce.com/files/2016/06/LuneOS_Caffe_Tobio.png,images/files/2016/06/LuneOS_Caffe_Tobio.png,yes,ok
3699,2016-07-07,google-wallpaper-9,,,image/jpeg,3694,https://pivotce.com/files/2016/07/google-wallpaper-9.jpg,images/files/2016/07/google-wallpaper-9.jpg,yes,ok
3700,2016-07-07,accounts_2016-07-07_015540,,,image/png,3694,https://pivotce.com/files/2016/07/accounts_2016-07-07_015540.png,images/files/2016/07/accounts_2016-07-07_015540.png,yes,ok
3701,2016-07-07,accounts_2016-07-07_015658,,,image/png,3694,https://pivotce.com/files/2016/07/accounts_2016-07-07_015658.png,images/files/2016/07/accounts_2016-07-07_015658.png,yes,ok
3702,2016-07-07,preware_2016-07-07_015740,,,image/png,3694,https://pivotce.com/files/2016/07/preware_2016-07-07_015740.png,images/files/2016/07/preware_2016-07-07_015740.png,yes,ok
3714,2016-07-08,P100UNA-label,,,image/png,3713,https://pivotce.com/files/2016/07/P100UNA-label.png,images/files/2016/07/P100UNA-label.png,yes,ok
3716,2016-07-08,Café Touba,LuneOS release: Café Touba,LuneOS release: Café Touba,image/jpeg,,https://pivotce.com/files/2016/07/Café-Touba.jpg,images/files/2016/07/Caf_-Touba.jpg,yes,ok
3728,2016-07-12,seeyounextmonth,,,image/png,3727,https://pivotce.com/files/2016/07/seeyounextmonth.png,images/files/2016/07/seeyounextmonth.png,yes,ok
3743,2016-07-14,file-sharing,,,image/jpeg,3742,https://pivotce.com/files/2016/07/file-sharing.jpg,images/files/2016/07/file-sharing.jpg,yes,ok
3750,2016-07-20,skype_webos.jpg,,,image/jpeg,3749,https://pivotce.com/files/2016/07/skype_webos_770x370x24_expand.png.jpg,images/files/2016/07/skype_webos_770x370x24_expand.png.jpg,yes,ok
3756,2016-07-25,offline,,,image/jpeg,3754,https://pivotce.com/files/2016/07/offline.jpeg,images/files/2016/07/offline.jpeg,yes,ok
3758,2016-07-25,server,This is the WOSI server as Internals calls it. The first server donated by HP.,,image/jpeg,3754,https://pivotce.com/files/2016/07/server.jpg,images/files/2016/07/server.jpg,yes,ok
3779,2016-07-30,HPwebOS_promo,Shot from the video,HP webOS video,image/jpeg,3773,https://pivotce.com/files/2016/07/HPwebOS_promo.jpg,images/files/2016/07/HPwebOS_promo.jpg,yes,ok
3804,2016-09-04,androidtowebos,,,image/png,3800,https://pivotce.com/files/2016/09/androidtowebos.png,images/files/2016/09/androidtowebos.png,yes,ok
3813,2016-09-04,Screenshot_20160904-135106,Make sure to tap Gallery or your selection won’t save.,,image/png,3800,https://pivotce.com/files/2016/09/Screenshot_20160904-135106.png,images/files/2016/09/Screenshot_20160904-135106.png,yes,ok
3816,2016-09-04,Screenshot_20160904-135840,Tap the double image icon to save on the top left.,,image/png,3800,https://pivotce.com/files/2016/09/Screenshot_20160904-135840.png,images/files/2016/09/Screenshot_20160904-135840.png,yes,ok
3822,2016-09-04,widgets,,,image/png,3800,https://pivotce.com/files/2016/09/widgets.png,images/files/2016/09/widgets.png,yes,ok
3825,2016-09-05,iconset,Click me to download a pretty nice webOS icon set!,,image/png,3800,https://pivotce.com/files/2016/09/iconset.png,images/files/2016/09/iconset.png,yes,ok
3826,2016-09-05,gmail,GMail Before and After,,image/png,3800,https://pivotce.com/files/2016/09/gmail.png,images/files/2016/09/gmail.png,yes,ok
3827,2016-09-05,launcher,Launcher Before and After,,image/png,3800,https://pivotce.com/files/2016/09/launcher.png,images/files/2016/09/launcher.png,yes,ok
3828,2016-09-05,lockscreen,Lockscreen Before and After,,image/png,3800,https://pivotce.com/files/2016/09/lockscreen.png,images/files/2016/09/lockscreen.png,yes,ok
3829,2016-09-05,web,Web Before and After,,image/png,3800,https://pivotce.com/files/2016/09/web.png,images/files/2016/09/web.png,yes,ok
3830,2016-09-05,Screenshot_20160905-161228,Tap the underlined “here” word to change which system font to replace.,,image/png,3800,https://pivotce.com/files/2016/09/Screenshot_20160905-161228.png,images/files/2016/09/Screenshot_20160905-161228.png,yes,ok
3832,2016-09-06,Cafe Zorro,Cafe Zorro,Cafe Zorro,image/jpeg,,https://pivotce.com/files/2016/09/Cafe-Zorro.jpg,images/files/2016/09/Cafe-Zorro.jpg,yes,ok
3840,2016-09-11,screenshot_20160911-114141,,,image/png,3800,https://pivotce.com/files/2016/09/Screenshot_20160911-114141.png,images/files/2016/09/Screenshot_20160911-114141.png,yes,ok
3841,2016-09-11,screenshot_20160911-114236,,,image/png,3800,https://pivotce.com/files/2016/09/Screenshot_20160911-114236.png,images/files/2016/09/Screenshot_20160911-114236.png,yes,ok
3857,2016-10-07,Preware,,,image/png,3753,https://pivotce.com/files/2016/10/preware_2016-07-10_145022.png,images/files/2016/10/preware_2016-07-10_145022.png,yes,ok
3859,2016-10-07,img_20161007_131334,Pair the watch,,image/jpeg,3753,https://pivotce.com/files/2016/10/IMG_20161007_131334.jpg,images/files/2016/10/IMG_20161007_131334.jpg,yes,ok
3860,2016-10-07,img_20161007_131153,Bluetooth settings,,image/jpeg,3753,https://pivotce.com/files/2016/10/IMG_20161007_131153.jpg,images/files/2016/10/IMG_20161007_131153.jpg,yes,ok
3863,2016-10-07,bluetooth_2016-07-10_131403,Pair the phone,,image/png,3753,https://pivotce.com/files/2016/10/bluetooth_2016-07-10_131403.png,images/files/2016/10/bluetooth_2016-07-10_131403.png,yes,ok
3864,2016-10-07,bluetooth_2016-07-10_131316,The result,,image/png,3753,https://pivotce.com/files/2016/10/bluetooth_2016-07-10_131316.png,images/files/2016/10/bluetooth_2016-07-10_131316.png,yes,ok
3868,2016-10-07,pre3,Text on Pre3,,image/jpeg,3753,https://pivotce.com/files/2016/10/Pre3.jpg,images/files/2016/10/Pre3.jpg,yes,ok
3869,2016-10-07,veer,Project Macaw on Veer,,image/jpeg,3753,https://pivotce.com/files/2016/10/Veer.jpg,images/files/2016/10/Veer.jpg,yes,ok
3870,2016-10-07,pre2,Email on a Pre2 or Pre+ w/2.x,,image/jpeg,3753,https://pivotce.com/files/2016/10/Pre2.jpg,images/files/2016/10/Pre2.jpg,yes,ok
3871,2016-10-07,mwatch,,,image/png,3753,https://pivotce.com/files/2016/10/mwatch.png,images/files/2016/10/mwatch.png,yes,ok
3877,2016-10-07,tweaks,,,image/png,3753,https://pivotce.com/files/2016/10/tweaks_2016-07-10_185749.png,images/files/2016/10/tweaks_2016-07-10_185749.png,yes,ok
3879,2016-10-07,pebble,,,image/jpeg,3753,https://pivotce.com/files/2016/10/pebble.jpg,images/files/2016/10/pebble.jpg,no,ok
3893,2016-10-13,Cà phê sữa đá,LuneOS Release: Cà phê sữa đá – Vietnamese iced coffee,LuneOS Release: Cà phê sữa đá - Vietnamese iced coffee,image/jpeg,3890,https://pivotce.com/files/2016/10/CaPheSuaDa.jpg,images/files/2016/10/CaPheSuaDa.jpg,yes,ok
3903,2016-10-27,cropped-Logo_invers_square.png,https://pivotce.com/files/2014/05/cropped-Logo_invers_square.png,,image/png,,https://pivotce.com/files/2014/05/cropped-Logo_invers_square.png,images/files/2014/05/cropped-Logo_invers_square.png,no,ok
3904,2016-10-28,large,,,image/png,3749,https://pivotce.com/files/2016/07/large.png,images/files/2016/07/large.png,yes,ok
3908,2016-10-29,Bethesda,Welcome to Bethesda,Welcome to Bethesda,image/jpeg,3905,https://pivotce.com/files/2016/10/Bethesda.jpg,images/files/2016/10/Bethesda.jpg,yes,ok
3914,2016-11-12,weboscenter,A screen capture of webOS Center at the internet archive.,A screen capture of webOS Center at the internet archive.,image/jpeg,3913,https://pivotce.com/files/2016/11/weboscenter.jpg,images/files/2016/11/weboscenter.jpg,yes,ok
3927,2016-11-17,ambox_warning_blue_construction-svg,,,image/png,3923,https://pivotce.com/files/2016/11/Ambox_warning_blue_construction.svg.png,images/files/2016/11/Ambox_warning_blue_construction.svg.png,yes,ok
3943,2016-11-25,cdn_webosnation,,,image/png,,https://pivotce.com/files/2016/11/cdn_webosnation.png,images/files/2016/11/cdn_webosnation.png,no,ok
3944,2016-11-25,cdn_webosnation,,,image/png,,https://pivotce.com/files/2016/11/cdn_webosnation-1.png,images/files/2016/11/cdn_webosnation-1.png,no,ok
3946,2016-11-29,dcmeetup05-11-2016,Attendees at the Bethesda meetup.,Attendees at the Bethesda meetup.,image/jpeg,3945,https://pivotce.com/files/2016/11/DCMeetup05-11-2016.jpg,images/files/2016/11/DCMeetup05-11-2016.jpg,yes,ok
3952,2016-12-24,christmas-16,,,image/jpeg,,https://pivotce.com/files/2016/12/Christmas-16.jpg,images/files/2016/12/Christmas-16.jpg,yes,ok
3953,2016-12-24,OLYMPUS DIGITAL CAMERA,OLYMPUS DIGITAL CAMERA,,image/jpeg,,https://pivotce.com/files/2016/12/LuneOS_Cappuccino.jpg,images/files/2016/12/LuneOS_Cappuccino.jpg,no,ok
3973,2017-01-04,ces_2017,LG’s David Vanderwaal Presents the webOS fridge with Amazon’s Mike George at CES 2017,LG's David Vanderwaal Presents the webOS fridge with Amazon's Mike George at CES 2017,image/png,3969,https://pivotce.com/files/2017/01/CES_2017.png,images/files/2017/01/CES_2017.png,yes,ok
3979,2017-01-16,company_structure_pic,"Image from TCL website, January 2017","Image from TCL website, January 2017",image/jpeg,3978,https://pivotce.com/files/2017/01/company_structure_pic.jpg,images/files/2017/01/company_structure_pic.jpg,yes,ok
3994,2017-01-25,Meccano Bridge,Working on the Meccano Bridge by David Dixon.,Working on the Meccano Bridge by David Dixon.,image/jpeg,3988,https://pivotce.com/files/2017/01/MeccanoBridge3255515.jpg,images/files/2017/01/MeccanoBridge3255515.jpg,yes,ok
4000,2017-02-17,LuneOS_Chai_Latte,Image: Lachlan Hardy,LuneOS Chai Latte,image/jpeg,,https://pivotce.com/files/2017/02/LuneOS_Chai_Latte.jpg,images/files/2017/02/LuneOS_Chai_Latte.jpg,no,ok
4005,2017-02-20,LuneOS_Chai_Latte,Image: Lachlan Hardy,LuneOS Chai Latte,image/jpeg,4001,https://pivotce.com/files/2017/02/LuneOS_Chai_Latte2.jpg,images/files/2017/02/LuneOS_Chai_Latte2.jpg,yes,ok
4017,2017-04-01,LuneOS_Cold_Brew2,LuneOS Cold Brew,LuneOS Cold Brew,image/jpeg,,https://pivotce.com/files/2017/04/LuneOS_Cold_Brew2.jpg,images/files/2017/04/LuneOS_Cold_Brew2.jpg,yes,ok
4023,2017-04-14,Enyo_Next-Gen,Enyo Next-Gen,Enyo Next-Gen,image/jpeg,4022,https://pivotce.com/files/2017/04/Enyo_Next-Gen.jpg,images/files/2017/04/Enyo_Next-Gen.jpg,yes,ok
4050,2017-07-23,cortado,,,image/jpeg,4047,https://pivotce.com/files/2017/07/cortado.jpg,images/files/2017/07/cortado.jpg,yes,ok
4059,2017-08-12,Rooted_TV,Rooted TV,Rooted TV,image/jpeg,4058,https://pivotce.com/files/2017/08/Rooted_TV.jpg,images/files/2017/08/Rooted_TV.jpg,yes,ok
4071,2017-09-08,LuneOS_decaf,LuneOS September release: Decaf,LuneOS September release: Decaf,image/jpeg,4070,https://pivotce.com/files/2017/09/LuneOS_decaf.jpg,images/files/2017/09/LuneOS_decaf.jpg,yes,ok
4103,2017-10-11,001-7zip,,,image/png,4090,https://pivotce.com/files/2017/10/001-7zip.png,images/files/2017/10/001-7zip.png,yes,ok
4104,2017-10-11,002-7zip,,,image/png,4090,https://pivotce.com/files/2017/10/002-7zip.png,images/files/2017/10/002-7zip.png,yes,ok
4105,2017-10-11,003-7Zip,,,image/png,4090,https://pivotce.com/files/2017/10/003-7Zip.png,images/files/2017/10/003-7Zip.png,yes,ok
4106,2017-10-11,007-flash,,,image/png,4090,https://pivotce.com/files/2017/10/007-flash.png,images/files/2017/10/007-flash.png,yes,ok
4107,2017-10-11,008-widevineNotOK,,,image/png,4090,https://pivotce.com/files/2017/10/008-widevineNotOK.png,images/files/2017/10/008-widevineNotOK.png,yes,ok
4108,2017-10-11,008-widevineOK,,,image/png,4090,https://pivotce.com/files/2017/10/008-widevineOK.png,images/files/2017/10/008-widevineOK.png,yes,ok
4109,2017-10-11,Netflix,"Netflix on the HP Touchpad (It’s a bit slow, but works!)",Showtime,image/png,4090,https://pivotce.com/files/2017/10/009-Netflix.png,images/files/2017/10/009-Netflix.png,yes,ok
4143,2017-11-10,noskype,,,image/jpeg,4137,https://pivotce.com/files/2017/11/noskype.jpg,images/files/2017/11/noskype.jpg,yes,ok
4144,2017-11-10,skypelog,,,image/png,4137,https://pivotce.com/files/2017/11/skypelog.png,images/files/2017/11/skypelog.png,yes,ok
4152,2017-11-10,dianbaoveer,It installs and runs on the Veer but the screen doesn’t scale properly so it’s not usable.,,image/png,,https://pivotce.com/files/2017/11/dianbaoveer.png,images/files/2017/11/dianbaoveer.png,no,ok
4153,2017-11-10,imageview,Image sending and receiving works great but viewing is well…not great.,,image/png,,https://pivotce.com/files/2017/11/imageview.png,images/files/2017/11/imageview.png,no,ok
4155,2017-11-10,chatview,It really does look nice on the Pre 3 and you can send audio files too.,,image/png,,https://pivotce.com/files/2017/11/chatview.png,images/files/2017/11/chatview.png,no,ok
4156,2017-11-10,dianbaopre3,The list of chats on the Pre 3.,,image/png,,https://pivotce.com/files/2017/11/dianbaopre3.png,images/files/2017/11/dianbaopre3.png,no,ok
4157,2017-11-10,dianbaotouchpad,It doesn’t take up the whole screen but works fine if you have a bluetooth keyboard attached.,,image/png,,https://pivotce.com/files/2017/11/dianbaotouchpad.png,images/files/2017/11/dianbaotouchpad.png,no,ok
4160,2017-11-17,browser_download_list,,,image/png,4158,https://pivotce.com/files/2017/11/browser_download_list.png,images/files/2017/11/browser_download_list.png,yes,ok
4162,2017-11-17,browser_preferences,,,image/png,4158,https://pivotce.com/files/2017/11/browser_preferences.png,images/files/2017/11/browser_preferences.png,yes,ok
4163,2017-11-17,internalz_sorted,,,image/png,4158,https://pivotce.com/files/2017/11/internalz_sorted.png,images/files/2017/11/internalz_sorted.png,yes,ok
4164,2017-11-17,internalz_unsorted,,,image/png,4158,https://pivotce.com/files/2017/11/internalz_unsorted.png,images/files/2017/11/internalz_unsorted.png,yes,ok
4165,2017-11-17,Oil_Change,Photo Credit: U.S.  Air Force / Airman 1st Class Nicole Leidholm,Oil Change,image/jpeg,,https://pivotce.com/files/2017/11/Oil_Change.jpg,images/files/2017/11/Oil_Change.jpg,yes,ok
4184,2017-12-01,Qualcomm-2,,,image/jpeg,4183,https://pivotce.com/files/2017/12/Qualcomm-2.jpg,images/files/2017/12/Qualcomm-2.jpg,yes,ok
4191,2017-12-01,m6BFtJQW_400x400,,,image/png,4141,https://pivotce.com/files/2017/12/m6BFtJQW_400x400.png,images/files/2017/12/m6BFtJQW_400x400.png,yes,ok
4204,2017-12-03,Capture,,,image/png,4203,https://pivotce.com/files/2017/12/Capture.png,images/files/2017/12/Capture.png,yes,ok
4205,2017-12-03,Pre,Before and after on a Pre.,,image/jpeg,4203,https://pivotce.com/files/2017/12/pre.jpg,images/files/2017/12/pre.jpg,yes,ok
4206,2017-12-03,TouchPad,Before and after on a TouchPad.,,image/jpeg,4203,https://pivotce.com/files/2017/12/tp.jpg,images/files/2017/12/tp.jpg,yes,ok
4237,2017-12-05,foleoebay,,,image/png,4236,https://pivotce.com/files/2017/12/foleoebay.png,images/files/2017/12/foleoebay.png,variant,ok
4244,2017-12-05,00-Family-02-870×400,,,image/png,3753,https://pivotce.com/files/2016/10/00-Family-02-870x400.png,images/files/2016/10/00-Family-02-870x400.png,no,ok
4245,2017-12-05,suite,,,image/png,3753,https://pivotce.com/files/2016/10/suite.png,images/files/2016/10/suite.png,yes,ok
4246,2017-12-05,gone,,,image/png,4236,https://pivotce.com/files/2017/12/gone.png,images/files/2017/12/gone.png,yes,ok
4250,2017-12-08,Capture,,,image/png,4249,https://pivotce.com/files/2017/12/Capture-1.png,images/files/2017/12/Capture-1.png,yes,ok
4276,2017-12-12,comment,,,image/png,4274,https://pivotce.com/files/2017/12/comment.png,images/files/2017/12/comment.png,yes,ok
4285,2017-12-22,karenmadden,,,image/jpeg,4284,https://pivotce.com/files/2017/12/inset-photo-11.jpg,images/files/2017/12/inset-photo-11.jpg,yes,ok
4296,2017-12-23,weboshandshake2,,,image/jpeg,4284,https://pivotce.com/files/2017/12/weboshandshake2.jpg,images/files/2017/12/weboshandshake2.jpg,yes,ok
4299,2017-12-24,forums_home,,,image/png,4298,https://pivotce.com/files/2017/12/forums_home.png,images/files/2017/12/forums_home.png,yes,ok
4305,2017-12-31,forums_2017-31-12_103451,Export your forum list,,image/png,4298,https://pivotce.com/files/2017/12/forums_2017-31-12_103451.png,images/files/2017/12/forums_2017-31-12_103451.png,yes,ok
4306,2017-12-31,internalz_2017-31-12_103541,Rename the file,,image/png,4298,https://pivotce.com/files/2017/12/internalz_2017-31-12_103541.png,images/files/2017/12/internalz_2017-31-12_103541.png,yes,ok
4307,2017-12-31,communities_2017-10-11_212655,Import the forum,,image/png,4298,https://pivotce.com/files/2017/12/communities_2017-10-11_212655.png,images/files/2017/12/communities_2017-10-11_212655.png,yes,ok
4320,2018-01-13,weboshandshake2,hello,,image/jpeg,,https://pivotce.com/files/2018/01/weboshandshake2.jpg,images/files/2018/01/weboshandshake2.jpg,variant,ok
4327,2018-01-27,Doppio,LuneOS Doppio release,LuneOS Doppio release,image/jpeg,,https://pivotce.com/files/2018/01/Doppio.jpeg,images/files/2018/01/Doppio.jpeg,no,ok
4342,2018-02-19,github,,,image/png,4334,https://pivotce.com/files/2018/02/github.png,images/files/2018/02/github.png,yes,ok
4356,2018-03-15,20180212002610,,,image/png,4331,https://pivotce.com/files/2018/03/20180212002610.png,images/files/2018/03/20180212002610.png,yes,ok
4357,2018-03-15,20180214034531,,,image/png,4331,https://pivotce.com/files/2018/03/20180214034531.png,images/files/2018/03/20180214034531.png,yes,ok
4364,2018-03-19,Evolution_LG_webOS.0,,,image/jpeg,4363,https://pivotce.com/files/2018/03/Evolution_LG_webOS.0.jpg,images/files/2018/03/Evolution_LG_webOS.0.jpg,yes,ok
4385,2018-03-22,webOSOSE-RPi3,webOS OSE on Rpi3,webOS OSE on Rpi3,image/png,4381,https://pivotce.com/files/2018/03/webOSOSE-RPi3.png,images/files/2018/03/webOSOSE-RPi3.png,yes,ok
4392,2018-03-24,palm stuff,,,image/jpeg,4389,https://pivotce.com/files/2018/03/palm-stuff.jpg,images/files/2018/03/palm-stuff.jpg,variant,ok
4399,2018-03-28,Palm_logo_2005,,,image/png,4397,https://pivotce.com/files/2018/03/Palm_logo_2005.png,images/files/2018/03/Palm_logo_2005.png,yes,ok
4443,2018-10-16,Pepito,The New Palm phone.,The New Palm phone.,image/jpeg,4441,https://pivotce.com/files/2018/10/Pepito.jpg,images/files/2018/10/Pepito.jpg,yes,ok
4456,2018-10-21,LuneOS Doppio,LuneOS Doppio release.,A coffee machine fills twin cups: Doppio,image/jpeg,,https://pivotce.com/files/2018/10/Doppio2.jpg,images/files/2018/10/Doppio2.jpg,yes,ok
4480,2019-06-21,LuneOS_eggnog-latte,The June Stable release of LuneOS: Egg Nog Latte,LuneOS Egg Nog Latte,image/jpeg,4477,https://pivotce.com/files/2019/06/LuneOS_eggnog-latte.jpg,images/files/2019/06/LuneOS_eggnog-latte.jpg,yes,ok
4539,2021-02-05,Eiskaffee,Eiskaffee Image by roDesignment from Pixabay,LuneOS: Eiskaffee,image/jpeg,,https://pivotce.com/files/2021/02/Eiskaffee.jpg,images/files/2021/02/Eiskaffee.jpg,yes,ok
4599,2024-03-30,VCF_East_Marconi,"The InfoAge Museum, New Jersey","The InfoAge Museum, New Jersey",image/jpeg,4596,https://pivotce.com/files/2024/03/VCF_East_Marconi.jpg,images/files/2024/03/VCF_East_Marconi.jpg,yes,ok
4617,2024-09-23,Touchpad USB C,,,image/jpeg,4616,https://pivotce.com/files/2024/09/20240923_101836-scaled.jpg,images/files/2024/09/20240923_101836-scaled.jpg,yes,ok
4626,2024-09-24,USB C Board,,,image/jpeg,4616,https://pivotce.com/files/2024/09/usbc-boards-2.jpg,images/files/2024/09/usbc-boards-2.jpg,no,ok
4656,2024-09-24,USB C Connector Board,,I used hot air to remove the micro port.,image/jpeg,4616,https://pivotce.com/files/2024/09/20240921_133333.jpg,images/files/2024/09/20240921_133333.jpg,yes,ok
4658,2024-09-25,NOVATEK CAMERA,EXIF_HDL_ID_1,,image/jpeg,4616,https://pivotce.com/files/2024/09/2020_0103_232648_011-scaled.jpg,images/files/2024/09/2020_0103_232648_011-scaled.jpg,no,ok
4659,2024-09-25,NOVATEK CAMERA,EXIF_HDL_ID_1,,image/jpeg,4616,https://pivotce.com/files/2024/09/2020_0103_232126_009-scaled.jpg,images/files/2024/09/2020_0103_232126_009-scaled.jpg,variant,ok
4660,2024-09-25,NOVATEK CAMERA,EXIF_HDL_ID_1,,image/jpeg,4616,https://pivotce.com/files/2024/09/2020_0103_232523_010-scaled.jpg,images/files/2024/09/2020_0103_232523_010-scaled.jpg,variant,ok
4661,2024-09-25,NOVATEK CAMERA,EXIF_HDL_ID_1,,image/jpeg,4616,https://pivotce.com/files/2024/09/2020_0103_231712_008-scaled.jpg,images/files/2024/09/2020_0103_231712_008-scaled.jpg,variant,ok
4665,2024-09-25,NOVATEK CAMERA,EXIF_HDL_ID_1,,image/jpeg,4616,https://pivotce.com/files/2024/09/2020_0103_230157_005-scaled.jpg,images/files/2024/09/2020_0103_230157_005-scaled.jpg,variant,ok
4666,2024-09-25,NOVATEK CAMERA,EXIF_HDL_ID_1,,image/jpeg,4616,https://pivotce.com/files/2024/09/2020_0103_225601_003-scaled.jpg,images/files/2024/09/2020_0103_225601_003-scaled.jpg,variant,ok
4669,2024-09-25,20240922_091303,,,image/jpeg,4616,https://pivotce.com/files/2024/09/20240922_091303-scaled.jpg,images/files/2024/09/20240922_091303-scaled.jpg,variant,ok
4670,2024-09-25,20240922_085618,,,image/jpeg,4616,https://pivotce.com/files/2024/09/20240922_085618-scaled.jpg,images/files/2024/09/20240922_085618-scaled.jpg,variant,ok
4672,2024-09-25,20240922_082925,,,image/jpeg,4616,https://pivotce.com/files/2024/09/20240922_082925-scaled.jpg,images/files/2024/09/20240922_082925-scaled.jpg,variant,ok
4673,2024-09-25,20240922_085629,,,image/jpeg,4616,https://pivotce.com/files/2024/09/20240922_085629-scaled.jpg,images/files/2024/09/20240922_085629-scaled.jpg,no,ok
4674,2024-09-25,NOVATEK CAMERA,EXIF_HDL_ID_1,,image/jpeg,4616,https://pivotce.com/files/2024/09/2020_0103_232814_012-scaled.jpg,images/files/2024/09/2020_0103_232814_012-scaled.jpg,variant,ok
4676,2024-09-25,front pcb,,,image/jpeg,4616,https://pivotce.com/files/2024/09/front-pcb-scaled.jpg,images/files/2024/09/front-pcb-scaled.jpg,variant,ok
4677,2024-09-25,rear pcb,,,image/jpeg,4616,https://pivotce.com/files/2024/09/rear-pcb-scaled.jpg,images/files/2024/09/rear-pcb-scaled.jpg,variant,ok
4678,2024-09-25,NOVATEK CAMERA,EXIF_HDL_ID_1,,image/jpeg,4616,https://pivotce.com/files/2024/09/2020_0103_230504_006-scaled.jpg,images/files/2024/09/2020_0103_230504_006-scaled.jpg,variant,ok
4679,2024-09-25,NOVATEK CAMERA,EXIF_HDL_ID_1,,image/jpeg,4616,https://pivotce.com/files/2024/09/2020_0103_231230_007-scaled.jpg,images/files/2024/09/2020_0103_231230_007-scaled.jpg,variant,ok
4680,2024-09-25,NOVATEK CAMERA,EXIF_HDL_ID_1,,image/jpeg,4616,https://pivotce.com/files/2024/09/2020_0103_220016_001-scaled.jpg,images/files/2024/09/2020_0103_220016_001-scaled.jpg,variant,ok
4681,2024-09-25,NOVATEK CAMERA,EXIF_HDL_ID_1,,image/jpeg,4616,https://pivotce.com/files/2024/09/2020_0103_233035_013-scaled.jpg,images/files/2024/09/2020_0103_233035_013-scaled.jpg,variant,ok
4682,2024-09-25,NOVATEK CAMERA,EXIF_HDL_ID_1,,image/jpeg,4616,https://pivotce.com/files/2024/09/2020_0104_000614_014-scaled.jpg,images/files/2024/09/2020_0104_000614_014-scaled.jpg,no,ok
4683,2024-09-25,20240922_125730,,,image/jpeg,4616,https://pivotce.com/files/2024/09/20240922_125730-scaled.jpg,images/files/2024/09/20240922_125730-scaled.jpg,variant,ok
4684,2024-09-25,NOVATEK CAMERA,EXIF_HDL_ID_1,,image/jpeg,4616,https://pivotce.com/files/2024/09/2020_0104_001134_016-scaled.jpg,images/files/2024/09/2020_0104_001134_016-scaled.jpg,variant,ok
4685,2024-09-25,NOVATEK CAMERA,EXIF_HDL_ID_1,,image/jpeg,4616,https://pivotce.com/files/2024/09/2020_0104_000942_015-scaled.jpg,images/files/2024/09/2020_0104_000942_015-scaled.jpg,variant,ok
4686,2024-09-25,CNf2pkZ3,,,image/jpeg,4616,https://pivotce.com/files/2024/09/CNf2pkZ3.jpg,images/files/2024/09/CNf2pkZ3.jpg,no,ok
4687,2024-09-25,5wpmePxM,,,image/jpeg,4616,https://pivotce.com/files/2024/09/5wpmePxM.jpg,images/files/2024/09/5wpmePxM.jpg,no,ok
4688,2024-09-25,DHkCxMu3,,,image/jpeg,4616,https://pivotce.com/files/2024/09/DHkCxMu3.jpg,images/files/2024/09/DHkCxMu3.jpg,no,ok
4692,2024-09-25,USB C Board,,,image/jpeg,4616,https://pivotce.com/files/2024/09/usbc-boards.jpg,images/files/2024/09/usbc-boards.jpg,no,ok
4713,2024-09-25,DHkCxMu3,,,image/jpeg,4616,https://pivotce.com/files/2024/09/DHkCxMu3-1.jpg,images/files/2024/09/DHkCxMu3-1.jpg,yes,ok
4714,2024-09-25,5wpmePxM,,,image/jpeg,4616,https://pivotce.com/files/2024/09/5wpmePxM-1.jpg,images/files/2024/09/5wpmePxM-1.jpg,yes,ok
4715,2024-09-25,CNf2pkZ3,,,image/jpeg,4616,https://pivotce.com/files/2024/09/CNf2pkZ3-1.jpg,images/files/2024/09/CNf2pkZ3-1.jpg,yes,ok
4723,2024-12-05,chargers,,,image/jpeg,4721,https://pivotce.com/files/2024/12/chargers-scaled.jpg,images/files/2024/12/chargers-scaled.jpg,variant,ok
4724,2024-12-05,Micro,,,image/jpeg,4721,https://pivotce.com/files/2024/12/Micro-scaled.jpg,images/files/2024/12/Micro-scaled.jpg,variant,ok
4725,2024-12-05,USB C wire,,,image/jpeg,4721,https://pivotce.com/files/2024/12/USB-C-wire-scaled.jpg,images/files/2024/12/USB-C-wire-scaled.jpg,variant,ok
4726,2024-12-05,5.1k end,,,image/jpeg,4721,https://pivotce.com/files/2024/12/5.1k-end-scaled.jpg,images/files/2024/12/5.1k-end-scaled.jpg,variant,ok
4727,2024-12-05,micro wire,,,image/jpeg,4721,https://pivotce.com/files/2024/12/micro-wire-scaled.jpg,images/files/2024/12/micro-wire-scaled.jpg,variant,ok
4731,2024-12-05,Touchpad wire,,,image/png,4721,https://pivotce.com/files/2024/12/Touchpad-wire.png,images/files/2024/12/Touchpad-wire.png,yes,ok
4738,2024-12-05,usb c connector,,,image/jpeg,4721,https://pivotce.com/files/2024/12/usb-c-connector.jpg,images/files/2024/12/usb-c-connector.jpg,yes,ok
4748,2024-12-05,error,,,image/png,,https://pivotce.com/files/2024/12/error.png,images/files/2024/12/error.png,yes,ok
